video_id,video_link,channel_id,query,title,description,channel,published_at,subscriber_count,tags,view_count,like_count,comment_count,engagement_score
rrBcN78mYNs,https://www.youtube.com/watch?v=rrBcN78mYNs,UCsDGIEMnO59w4XZlWlYCWSQ,angle grinder projects,🛠️🔥 ANGLE GRINDER + SAW BLADE = INSANE TOOL HACK 😱⚙️ | Genius DIY Upgrade You Didn’t Expect,A creative DIY workshop project revealing how a simple angle grinder and saw blade can be transformed into a powerful custom ...,Odd Builds,2026-04-24T10:30:37Z,3070,,4104131.0,25556.0,380.0,4367291.0
9zvnsApjEVE,https://www.youtube.com/watch?v=9zvnsApjEVE,UC2rzsm1Qi6N1X-wuOg_p0Ng,power tools latest use cases,I Replaced 10 Power Tools With My Drill!,"DeWalt PVC/PEX Cutter, Chainsaw, Universal Socket, DeWalt Metal Shear, Strap Winder, Auger, DeWalt Copper Pipe Cutter, ...",Project Farm,2026-04-12T16:50:01Z,3860000,"drill attachments, dangerous drill attachments, power drill accessories, DeWalt PVC PEX cutter, drill chainsaw attachment, universal socket, DeWalt metal shear, strap winder, drill auger bit, DeWalt copper pipe cutter, deburring tool, chamfer deburring bit, drum sander, drill brush set, flexible drill bit extension, wire brush set, drill water pump, carbide burr set, vegetation cutter, drill circular saw, drill reciprocating saw, drill rivet gun, angle drill attachment",1169521.0,42825.0,3371.0,1665191.0
mUdYFmCFLxo,https://www.youtube.com/watch?v=mUdYFmCFLxo,UCl4Nn-uhNMXQNfvkuYvtIyA,angle grinder projects,⚙️ Turning an Old Motor into a Bench Grinder,This workshop conversion project transforms an old electric motor into a functional bench grinder using a custom shaft adapter ...,WeAreWorking,2026-05-22T10:45:02Z,406000,,1479020.0,1867.0,3.0,1497750.0
ffpX5oSVUGY,https://www.youtube.com/watch?v=ffpX5oSVUGY,UCUYlSrRVd4CWY3yGSyKd-pg,cordless drill projects,DRILL POWERED! Turning A Cordless Drill Into A Boat Motor 🛶,Who says you need an expensive engine to cruise the water? Witness the incredible Electric Drill Outboard Motor in action.,Working Planet Shorts,2026-04-28T19:08:00Z,488000,,766759.0,2631.0,28.0,793629.0
-5DylM1EdI4,https://www.youtube.com/watch?v=-5DylM1EdI4,UCA-mWX9CvCTVFWRMb9bKc9w,power tools latest use cases,7 Insane Use Cases For Manus AI (with Zero Code),Get your FREE AI Prompt Cheatsheet here: https://go.danmartell.com/4bSRoW5 Get 1000 Free Manus credits: ...,Dan Martell,2026-03-26T13:00:00Z,2760000,"AI, AI tools, Manus",448666.0,15788.0,961.0,625766.0
gLSxt4fF5qQ,https://www.youtube.com/watch?v=gLSxt4fF5qQ,UCf76T9N5p21HMDWhaWJzC2Q,angle grinder projects,This idea will shock billions of farmers! Turn an angle grinder into a million-dollar tool 🔥,"Hello everyone! You are watching video "" This idea will shock billions of farmers! Turn an angle grinder into a million-dollar tool ...",Inventor K,2026-04-25T13:01:23Z,618000,"DIY, Invention, Recycle, reuse, life hacks, unknown tips, crafts idea, INVENTOR K, chainsaw, saw blade, wood saw, wood cutter, convertible angle grinder, angle grinder, angle grinder chainsaw, angle grinder hacks, angle grinder attachment, diy chainsaw, homemade chainsaw, chainsaw diy, turning angle grinder into chainsaw, diy tools, homemade tools, power tools diy, workshop tools, tool invention, diy invention, brilliant idea, garage tools, mechanical diy, metalworking diy",541132.0,2144.0,135.0,565272.0
cTTJN0Ghz0I,https://www.youtube.com/watch?v=cTTJN0Ghz0I,UC2Lytl7fJ6LZvCUuZxHrCFA,angle grinder projects,Clever Angle Grinder Idea With Small Metal Plates – You’ll Be Surprised How It Works!,"Who would have thought small metal plates and an angle grinder could become such a clever DIY workshop idea? In this video, I ...",Brain Inventor,2026-05-15T13:00:35Z,226000,"Brain Inventor, USA, DIY, Shorts, angle grinder hack, grinder attachment, grinder modification, angle grinder project, DIY workshop tool, hand tools, power tools, simple DIY tool, final test result, how to make, angle grinder attachment, workshop ideas, DIY power tools, DIY Invention, Genius DIY, Creative Tech, Handmade Tools, Amazing Idea, Smart Hack, How to make, Restoration, Transformation, Secret Trick, Million Dollar Hack, Battery Repair, Scrap Metal Art",343458.0,4409.0,15.0,387848.0
va2NF0ZQjpQ,https://www.youtube.com/watch?v=va2NF0ZQjpQ,UCcPuAb6RtYsoJYdZyc4jrVQ,power tools latest use cases,14 NEW Tools &amp; Tech from the 2026 AHR Tool Expo!,Rob and Sarah find NEW TOOLS at the 2026 AHR tool expo in Las Vegas Convention Center. New power tools and technology ...,Tool Show,2026-05-02T16:01:31Z,257000,"power tool news, new power tools, new milwaukee tools, new makita tools, new dewalt tools, new bosch tools, new flex tools, new ryobi tools, new hart tools, new ego tools",333344.0,2944.0,55.0,363884.0
6-BWaRKXgSg,https://www.youtube.com/watch?v=6-BWaRKXgSg,UCzr30osBdTmuFUS8IfXtXmg,power tools latest use cases,Angle Grinders: The Most Versatile Tool in the Shop,Enter Your Project into The '26 EC Buildoff and win big https://www.essentialcraftsman.com/buildoff The Angle Grinder might ...,Essential Craftsman,2026-05-06T16:46:35Z,1840000,"mentor, trades, tradesman, career, builder, wisdom, workbench, tools, tips, trick, essential craftsman, scott wadsworth, tool tips, pro tips, how to be a contractor, diy tips, diy, angle Grinder, shop angle grinder, using an angle grinder, how to use an angle grinder, angle grinder safety",247782.0,6979.0,487.0,327312.0
bYJf0xpjVn0,https://www.youtube.com/watch?v=bYJf0xpjVn0,UCeUgLpAr4FORagsmSpaFbzw,power tools latest use cases,I Tested LIDL Parkside vs DeWalt Power Tools!,Head to https://squarespace.com/jonashone to save 10% off your first purchase of a website or domain using code JONASHONE ...,Jona Shone,2026-03-20T19:00:40Z,191000,"shadow foam, foam, parkside performance, alex 855, parkside tools, lidl tools, dewalt, dewalt power tools, dewalt 18v power tools, parkside vs dewalt, dewalt vs parkside, dewalt vs, lidl middle aisle, middle aisle deals, parkside performance chainsaw, tools and stuff, tools every man needs, lidl parkside, middle of lidl, lidl tools this week, jona shone, cheap tools, diy tools, which tool is best, testing tools, lidl parkside tools, lidl diy tools, lidl store tour",167888.0,2964.0,577.0,209068.0
pcbMEGUJ6CE,https://www.youtube.com/watch?v=pcbMEGUJ6CE,UCunHiYVUsh-T7pPoeqYsULw,cordless drill projects,🔋Never buy drill batteries again!! How to repair a drill battery with 1.5V battery,"Never buy drill batteries again! In this video, I'll show you how to repair and upgrade your old drill battery using a simple 1.5V ...",Gaus DIY,2026-04-09T13:59:55Z,375000,"diy, life hacks, Gaus DIY, crafts, tips and tricks, Invention, creative idea, DIY projects, how to make, tutorial, battery, reuse, mini spot welder, battery pack, litium battery, welding machine, 18650, Spot welder, DIY welding machine, how to make spot welder, home made welding machine, spot welding tutorial, easy welding machine, make a cheap battery welder, Battery store near me shared this method, Never buy drill batteries again, How to repair a drill battery with 1.5V battery",145943.0,601.0,36.0,152673.0
9Vw_8qAXxFg,https://www.youtube.com/watch?v=9Vw_8qAXxFg,UCawPwx5Wmw-lRuu9YRI1FWg,impact driver uses,Ultimate Bolt Removal Power with Impact Wrench #Tools #MechanicLife #DIYUSA,TITLE + 3 HASHTAGS (99 characters total) Ultimate Bolt Removal Power with Impact Wrench #Tools #MechanicLife #DIYUSA ...,TRADISIONAL CARPENTRY,2026-03-19T21:00:19Z,20600,"impact wrench, milwaukee m12, cordless impact wrench, power tools usa",141819.0,269.0,0.0,144509.0
Tk0o4pxrZVo,https://www.youtube.com/watch?v=Tk0o4pxrZVo,UCcPuAb6RtYsoJYdZyc4jrVQ,power tools latest use cases,"15 NEW Power Tools from Milwaukee, Hilti, Makita, Bosch, and more!","15 tools and tech found at the world's biggest Concrete Construction Trade Show, the World of Concrete! Save 20% on your first ...",Tool Show,2026-04-04T14:02:00Z,257000,"power tool news, new power tools, new milwaukee tools, new makita tools, new dewalt tools, new bosch tools, new flex tools, new ryobi tools, new hart tools, new ego tools",81224.0,1553.0,52.0,97794.0
05CXC0uQG7g,https://www.youtube.com/watch?v=05CXC0uQG7g,UC_AH34G_3mHPYatykfM8pkQ,angle grinder projects,Amazing DIY Metal Holder for Angle Grinder | Genius Workshop Innovation,TITLE: Amazing DIY Metal Holder for Angle Grinder | Genius Workshop Innovation TOOL NAME: DIY Grinder Metal Holder ..., SmartTools,2026-05-20T14:00:00Z,20100,,78753.0,172.0,0.0,80473.0
ha__KZ9VYD8,https://www.youtube.com/watch?v=ha__KZ9VYD8,UCBbs8-lk82CoHE6bDUi7vOg,impact driver uses,"Can we use Impact wrench for drilling,......#tools #impactdrill #impactwrench #tips #trick",,Crafter Bhaiya,2026-04-22T06:00:36Z,39100,"impact wrench as a drill, impact drill, impact wrench, tools, tool tips, diy",38506.0,2276.0,30.0,61866.0
TN-ShnmeKtA,https://www.youtube.com/watch?v=TN-ShnmeKtA,UCPC7vZ7i197LSeJzUDh2v-g,cordless drill projects,‎Efficient Wooden Structure Assembly Using Cordless Drill,"WORKING PRINCIPLE ‎The cordless drill rotates the screw rapidly, allowing the threaded fastener to penetrate and lock wooden ...",The Will be Inspired,2026-05-28T13:00:09Z,65100,,53058.0,57.0,0.0,53628.0
N4IHSzQ6QQE,https://www.youtube.com/watch?v=N4IHSzQ6QQE,UCf76T9N5p21HMDWhaWJzC2Q,angle grinder projects,Farmers Attach an Angle Grinder to a Bicycle! Turn Your Bike Into a Million-Dollar Electric Bike,"Hello everyone! You are watching video "" Farmers Attach an Angle Grinder to a Bicycle! Turn Your Bike Into a Million-Dollar ...",Inventor K,2026-04-30T13:00:45Z,618000,"DIY, Invention, Recycle, reuse, life hacks, unknown tips, crafts idea, INVENTOR K, electric bike, electric bicycle, ebike adapter, shaft motor, electric cycle, motorized bicycle, Mount the motor to the bicycle, 2 stroke engine, motorcycle, brushless motor, motorbike carbon brush, motorbike, mountain biking, mountain bike, Mechanicalize your bike, cutting machine, cutter, angle grinder, corner cutter, electric bikes, 3-function drill, Turn a bicycle into a simple electric bicycle",49845.0,286.0,35.0,53405.0
ANHh90IdbjQ,https://www.youtube.com/watch?v=ANHh90IdbjQ,UCtFVSdKEbC0clVbhnwiZC9Q,impact driver uses,Top 10 Power Tools A Pro Carpenter Uses Everyday | UK Planet Tools,"Essential Carpentry & Joinery Tool Setup We teamed up with Lewis Lai (LL Carpentry & Joinery), a pro carpenter and joiner, ...",UK Planet Tools Ltd,2026-04-01T18:00:06Z,19000,"power tools, carpentry, joinery, woodworking tools, professional trades, hand tools, workshop tools",50632.0,65.0,2.0,51322.0
_MT2CE9XsHk,https://www.youtube.com/watch?v=_MT2CE9XsHk,UCunHiYVUsh-T7pPoeqYsULw,cordless drill projects,"Once you know THIS SECRET, You&#39;ll NEVER buy drill Batteries again!","Hello everyone! You are watching video "" Once you know THIS SECRET, You'll NEVER buy drill Batteries again! "" I hope you ...",Gaus DIY,2026-05-02T14:00:05Z,375000,"diy, life hacks, Gaus DIY, crafts, tips and tricks, Invention, creative idea, DIY projects, how to make, tutorial, battery, reuse, mini spot welder, battery pack, litium battery, welding machine, 18650, Spot welder, DIY welding machine, how to make spot welder, home made welding machine, spot welding tutorial, easy welding machine, make a cheap battery welder, Battery store near me shared this method, Never buy drill batteries again, How to repair a drill battery with 1.5V battery",42596.0,434.0,31.0,47556.0
UA48oZXb1ck,https://www.youtube.com/watch?v=UA48oZXb1ck,UCu1mYVdOakCpunJSZNvt_0Q,power tools latest use cases,20 NEW Wera Tools You NEED to See in 2026!,"Here are 20 new Wera tools focused on VDE insulated tools, professional screwdrivers, and electrician hand tools built for daily ...",Tools Zone,2026-05-03T13:30:00Z,55300,"new wera tools, wera tools, wera tools for electrician, electrician tools, new tools, wera, wera chisel driver, wera tool rebels, wera ratchet, wera 9660 impaktor, wera screwdrivers, wera ratchet review, wera zyklops, wera joker, wera sockets, wera socket set, wera multidriver, wera driver, wera joker wrench, wera screwdriver set, electrician, wera insulated screwdrivers, best wera tools, wera screwdriver, wera zyklops pocket set, best electrician tools, wera bit check",42497.0,470.0,9.0,47377.0
fdMh5g8wnKY,https://www.youtube.com/watch?v=fdMh5g8wnKY,UCRHFy-Q2lvOtOsyYN5-fuXA,impact driver uses,Tag a mate that always uses chrome sockets on an impact wrench,Tag a mate that always uses chrome sockets on an impact wrench.,KINCROME,2026-05-13T07:32:09Z,39400,,36053.0,861.0,51.0,45683.0
_BLsEKvjUW0,https://www.youtube.com/watch?v=_BLsEKvjUW0,UCGAUHfGEpQ3ZKyxGfcF2kZA,angle grinder projects,Welding a Custom Angle Grinder Stand for Precision Pipe Cuts #process #welder #metalwork #grinder,"1. Project Overview This operation showcases the design and fabrication of a custom, homemade pipe cutting jig. By utilizing arc ...",Engineered World Beta,2026-05-26T23:12:04Z,17000,"#Engineering, #HowItWorks, #Machinery, #Technology, #Education, #Industry, #AgriTech, #Automation, #Manufacturing",41335.0,0.0,0.0,41335.0
ttWbCYcyD04,https://www.youtube.com/watch?v=ttWbCYcyD04,UCbipHFSaQvC61En-Bg8y9rw,power tools latest use cases,20 NEW German Hand Tools That Make Other Tools Look Cheap in 2026,"Discover 20 NEW German hand tools in 2026 that are engineered to make woodworking, assembly, and repair jobs faster, safer, ...",Power Tools Pro,2026-05-12T13:37:37Z,6690,"power tools pro, tools, new tools, best tools, german hand tools, best german tools, german tool brands, professional hand tools, best hand tools, tools made in germany, workshop tools, diy hand tools, professional tools, tool review, tool comparison, hand tools for professionals, engineering tools, mechanic hand tools, electrician hand tools, construction tools, electrician tools, hand tools, knipex pliers, electrical tools, tool bag, knipex, wera tools for electrician",35745.0,346.0,22.0,39645.0
uJBe4JYHHWA,https://www.youtube.com/watch?v=uJBe4JYHHWA,UCO1ZM4DsONdAWTQdX8o49QA,oscillating multi tool uses,Best Oscillating Multi Tool 2026,Best Cordless Oscillating Multi-Tool | Head-to-Head Test 2026 The Tool Lab looked at fifteen major brands of multi-tools and ...,Concord Carpenter | Tool Lab,2026-05-21T19:09:35Z,297000,"diy, tools, reviews, carpentry, remodel, construction, tool review, multi tool, multitool, OMT, dewalt, hilti, makita, milwaukee, bosch, Festool, MEtabo HPT",24263.0,854.0,340.0,39603.0
5nJoLuqb9Do,https://www.youtube.com/watch?v=5nJoLuqb9Do,UC_AH34G_3mHPYatykfM8pkQ,angle grinder projects,Amazing DIY Pipe Holder for Grinding | Genius Anti-Slip Steel Clamp,TITLE: Amazing DIY Pipe Holder for Grinding | Genius Anti-Slip Steel Clamp ALTERNATIVE TITLES: 1. Genius DIY Pipe Clamp ..., SmartTools,2026-05-24T20:00:15Z,20100,,38715.0,85.0,0.0,39565.0
J1dWah8_t38,https://www.youtube.com/watch?v=J1dWah8_t38,UCunHiYVUsh-T7pPoeqYsULw,cordless drill projects,"Knowing this Secret, you&#39;ll never buy drill batteries again!","Never Buy Drill Batteries Again! (DIY Battery Repair & Rebuild Guide) In this video, I'll show you a practical method to restore a ...",Gaus DIY,2026-05-05T14:00:01Z,375000,"diy, Gaus DIY, invention, creative idea, DIY projects, how to make, tutorial, Repair, restoration, Restore, how to, mini spot welder, battery pack, litium battery, welding machine, 18650, Spot welder, DIY welding machine, how to make spot welder, home made welding machine, spot welding tutorial, How to repair drill battery, how to repair lithium battery, dead battery repair, Battery Won’t Charge, restore battery, Knowing this Secret, you'll never buy drill batteries again!",33760.0,384.0,20.0,38000.0
2JhgSWSXEjE,https://www.youtube.com/watch?v=2JhgSWSXEjE,UCiO8LdQXn8yG3dgfq3dVfcA,angle grinder projects,This Tool Cuts Stair Panels with Surprising Precision! #shorts,A compact handheld cutting tool—likely a mini angle grinder or precision cutting grinder—is being used to trim and fit stair side ...,street_stories28,2026-05-25T19:00:00Z,17100,,35228.0,43.0,0.0,35658.0
O5xRxxFJOmQ,https://www.youtube.com/watch?v=O5xRxxFJOmQ,UCMIdEQ0fgPiaFJBk3a1h4sg,impact driver uses,Installing Steel Roof Beam Brackets with Impact Driver | Modern Roof Framing Technique,TITLE Installing Steel Roof Beam Brackets with Impact Driver | Modern Roof Framing Technique DESCRIPTION This video shows ...,DIY Wood Skills,2026-03-08T05:00:33Z,71500,,34683.0,20.0,1.0,34903.0
Fg5A1FVv6gk,https://www.youtube.com/watch?v=Fg5A1FVv6gk,UCPQfLjSL52SRhOEHCxh3f3A,power tools latest use cases,Apache 3800 Weatherproof Protective Case | Harbor Freight,,Harbor Freight,2026-03-02T00:13:19Z,177000,,27629.0,576.0,16.0,33709.0
z55dU12YiWE,https://www.youtube.com/watch?v=z55dU12YiWE,UCUHaiBNlYK-tu5WGNDu7UTQ,impact driver uses,Smart Deck Framing Trick! Perfect Corner Installation with Oscillating Tool,"TITLE: Smart Deck Framing Trick! Perfect Corner Installation with Oscillating Tool DESCRIPTION: In this video, I demonstrate a ...",Master Woodcraft,2026-03-03T06:00:46Z,140000,,32982.0,37.0,0.0,33352.0
3a9aJmuyd44,https://www.youtube.com/watch?v=3a9aJmuyd44,UCZxqipCgMIgoh7trVXMCbsg,angle grinder projects,Turn Your Angle Grinder Into A Chainsaw! 🛠️🔥,Ever seen an angle grinder do THIS? This genius attachment changes everything for DIY projects. Watch it in action! ✨ What ...,Mild crafts,2026-05-23T13:04:18Z,97,,32226.0,39.0,0.0,32616.0
xfj3VZsmb8Q,https://www.youtube.com/watch?v=xfj3VZsmb8Q,UCMIdEQ0fgPiaFJBk3a1h4sg,cordless drill projects,Modern Steel and Wood Fence Installation Using Cordless Drill | Fast Outdoor Construction,Title: Modern Steel & Wood Fence Installation Using Cordless Drill | Fast Outdoor Construction Description: Watch the process of ...,DIY Wood Skills,2026-05-28T09:00:06Z,71500,,28091.0,25.0,0.0,28341.0
kmk8GUzu_mY,https://www.youtube.com/watch?v=kmk8GUzu_mY,UCunHiYVUsh-T7pPoeqYsULw,cordless drill projects,🔋Stop Buying Drill Batteries! Easy DIY 18V Battery Hack,"Hello everyone! You are watching video "" Stop Buying Drill Batteries! Easy DIY 18V Battery Hack "" I hope you enjoy watching ...",Gaus DIY,2026-03-28T13:59:32Z,375000,"diy, life hacks, Gaus DIY, crafts, tips and tricks, Invention, creative idea, DIY projects, how to make, tutorial, Reuse old batteries, reuse dead batteries, how to reuse dead batteries, dead battery repair, old battery recycling, old battery charger, AA batteries, rechargeable batteries, how to instantly charge batteries, rechargeable, battery, DIY 18V Battery, 🔋 Stop Buying Drill Batteries! Easy DIY 18V Battery Hack",26352.0,115.0,8.0,27662.0
1CMuyRZCNQw,https://www.youtube.com/watch?v=1CMuyRZCNQw,UCr3PlUhCh6CZzMDBdbCysWg,angle grinder projects,Angle Grinder Machine for Fast and Neat Lightweight Brick Cutting#tool,Angle Grinder Machine for Fast and Neat Lightweight Brick Cutting An angle grinder is an indispensable tool when building walls ...,NextGen Tool,2026-05-25T06:00:30Z,1830,"angle grinder machine, block installation, brick cutting method, brick cutting technique, builders equipment, building aids, building material cutter, concrete cutting tool, construction technique, construction tools, handheld grinder, lightweight brick cutting, site equipment, stone cutting tool, wall construction work",26968.0,32.0,0.0,27288.0
DytCtxir0C8,https://www.youtube.com/watch?v=DytCtxir0C8,UCfNd0ZiepOr7Mz3VOQNmczA,impact driver uses,Heavy-Duty Impact Driver for Precision Roof Screw Fastening and Metal Sheet Installation,Heavy-Duty Impact Driver for Precision Roof Screw Fastening and Metal Sheet Installation ​ ​Education Proper roof fastening is ...,NEXTOOLTECH,2026-05-18T02:01:10Z,15300,,24417.0,35.0,0.0,24767.0
vwPK1cFG3zI,https://www.youtube.com/watch?v=vwPK1cFG3zI,UCxU91m_iFNFuQl7PKVkv7Mw,impact driver uses,Securing Structural Beams with Precision,Securing Structural Beams with Precision ​A construction professional uses a high-powered impact driver to sink long structural ...,FM-Crafts,2026-04-05T10:01:23Z,39000,,22265.0,40.0,0.0,22665.0
4cj1HxDAP6o,https://www.youtube.com/watch?v=4cj1HxDAP6o,UC-EktwVqE_WafHW6LYXjF_A,angle grinder projects,Grinding steel with an angle grinder! 🔧,old transparent plastic bucket can be repurposed as a effective face shield when using an angle grinder. You'll watch as the ...,Clever solution,2026-05-30T07:00:34Z,537000,"Life Hacks, DIY Projects, Crafts, Mechanical Tips, Rural Life, Life skills, handmade, rural skills, practical tutorials, Quick & Easy Tips, Arizona, Phoenix, The United States of America, The United States, The U.S., The USA, America",20410.0,38.0,0.0,20790.0
T7eGvA4HTYE,https://www.youtube.com/watch?v=T7eGvA4HTYE,UC8GZAjfP6OOSEq0vxPt3_wg,angle grinder projects,Fast Brick Cutting with an Angle Grinder | Smart Construction Tool Technique.,"Title: Fast Brick Cutting with an Angle Grinder | Smart Construction Tool Technique Description/Narration: Wait, don't skip yet guys ...",World Construction,2026-05-28T12:00:02Z,12300,"Tags:
AngleGrinder,BrickCutting,Construction,Masonry,PowerTools,ConstructionTools,BrickWork,BuildingTechnology,IndustrialTools,ConstructionLife,DIYConstruction,ToolTechnique,SmartConstruction,Engineering,WorkEfficiency.",19493.0,36.0,0.0,19853.0
YRd4cgfhn2w,https://www.youtube.com/watch?v=YRd4cgfhn2w,UC4Xarmlw0RJ573ZgJO2b5GA,impact driver uses,You’ve Been Using Your Drill Wrong Your Whole Life,"Stop stripping screws and burning bits. This woodworking guide explains the drill clutch, speed settings, and when to use an ...",Spencley Design Co.,2026-03-21T13:22:45Z,242000,"eric spencley, spencley design, spencley design co, spencely, woodworking",12533.0,584.0,34.0,19053.0
y0YMHoGfZ80,https://www.youtube.com/watch?v=y0YMHoGfZ80,UCu1mYVdOakCpunJSZNvt_0Q,power tools latest use cases,"NEW Power Tools from Milwaukee, Dewalt, Kreg, Makita, Wera, Knipex , and more!","NEW Power Tools from Milwaukee, Dewalt, Kreg, Makita, Wera, Knipex , and more! In this video, we explore the newest power ...",Tools Zone,2026-04-26T13:30:00Z,55300,"new power tools, power tools, new tools announced, power tools news, new tools news, upcoming tools, new power tools announced, new tools, new makita tools, new milwaukee tools, power tool news, new dewalt tools, new ryobi tools, milwaukee, makita, milwaukee power tools, makita circular saw, new power tools 2025, new milwaukee hand tools, makita tools, milwaukee packout, wiha tools, wera tools, new wera tools, wera, wiha, knipex, wera screwdrive, germany hand tools, festool",16976.0,149.0,2.0,18506.0
F4hFqsTmqyg,https://www.youtube.com/watch?v=F4hFqsTmqyg,UCjaWY3w6Buo0eq7NdXKsroQ,impact driver uses,Heavy Duty Impact Wrench in Action | Fast Bolt Removal on Machinery.,Title: Heavy Duty Impact Wrench in Action | Fast Bolt Removal on Machinery Description: tunggu jangan skip dulu guys In this ...,LifeFrame Studio,2026-03-28T12:00:00Z,90400,,16454.0,25.0,0.0,16704.0
Z8NBe3XIhO0,https://www.youtube.com/watch?v=Z8NBe3XIhO0,UCjaWY3w6Buo0eq7NdXKsroQ,impact driver uses,Cordless Impact Driver | Fast Wood Joint Screw Installation.,TITLE: Cordless Impact Driver | Fast Wood Joint Screw Installation DESCRIPTION / NARRATION: tunggu jangan skip dulu guys.,LifeFrame Studio,2026-03-08T14:00:58Z,90400,,15169.0,32.0,0.0,15489.0
XGbxV0cwPi8,https://www.youtube.com/watch?v=XGbxV0cwPi8,UCbG4ekOHTex7f3_PZR4_HTg,power tools latest use cases,"RIDGID NUKE 18V SubCompact Brushless Tools - Drills, Impacts, &amp; Saw","Not to be confused with explosions, new RIDGID NUKE tools are 18V SubCompact Brushless tools that are up on performance ...",Shop Tool Reviews,2026-05-23T02:40:59Z,205000,"shop tool reviews, best tools, best mechanic tools, how to, diy, home depot, lowes, milwaukee tool, dewalt tools, snap-on tools, power tools, how to use tools, ridgid power tools, ridgid nuke 18v, ridgid nuke sub compact tools, best ridgid tools, ridgid 18v tools",10041.0,369.0,54.0,14811.0
KsaFQXcCWrc,https://www.youtube.com/watch?v=KsaFQXcCWrc,UCaNGjl18pGRUHk2l-qftiGw,power tools latest use cases,🚨 Today Only POWER TOOL Deals! #milwaukee #dewalt #tools,"TODAY ONLY! Massive Power Tool Combo Sale (April 21 with Acme Tools) If you like saving money on professional-grade gear, ...",Torque & Twisted,2026-04-21T20:35:00Z,124000,"tool deals, tool deals today, best tool deals today, acme tools, milwaukee tools, dewalt, dewalt deals, tool sale, milwaukee tool deals, m12 ratchet, m12 right angle die grinder, power tools, tools, cheap tools, diy, diy tools, skil tools, skil flip drill, diy mechanic, diy home renovation, mechanic life, professional tools, budget tools, garage tools, hvac, plumber, electrician, contractor, roofer, home improvement, val tools, vcg construction, 731 woodworks, project farm, ave",10997.0,176.0,18.0,13117.0
gRj1kQiGh48,https://www.youtube.com/watch?v=gRj1kQiGh48,UCMwxcKBkxVUu4IRMvcHli8Q,power tools latest use cases,20 BRAND NEW Tools That Are Absolute Game Changers!,"Looking for the coolest new tools on the market? Today, we are breaking down 20 brand-new power tools, hand tools, and ...",Top Tech Tools,2026-05-20T20:02:51Z,302000,"coolest tools, 20 brand new tools, game changing tools, new power tools, tool haul, tool review, best tools 2026, construction tools, woodworking tools, carpentry tools, DIY tools, hand tools, mechanics tools, milwaukee tools, dewalt tools, makita tools, ryobi 18v, kreg tools, stiletto hammer, klein tools, sealey tools, job site tech, gadgets for men, ingenious tools, tool innovation, tool bag upgrade, new milwaukee tools, new dewalt tools, must have tools",10690.0,76.0,0.0,11450.0
fdeq8cjJ-zI,https://www.youtube.com/watch?v=fdeq8cjJ-zI,UCEDeA6O62wLEFnqBDEofwPQ,impact driver uses,Impact DRIVER or Impact WRENCH?,"Do you really need to drop $200+ on a dedicated impact wrench, or can your impact driver handle the heat? 🛠️ In today's video ...",Drew Does Tools,2026-04-17T17:54:44Z,14500,,8571.0,203.0,41.0,11421.0
iouXvd94hYE,https://www.youtube.com/watch?v=iouXvd94hYE,UCpgaIrvZWklKryCm68WWScQ,angle grinder projects,​DIY Angle Grinder Chop Saw Stand | Homemade Pipe Cutting Jig,"Turn your handheld angle grinder into a precision chop saw! In this video, we demonstrate a clever DIY fabrication project using ...",HK Hacks,2026-05-21T23:00:27Z,9220,,9378.0,29.0,1.0,9688.0
kI6K50tRROs,https://www.youtube.com/watch?v=kI6K50tRROs,UCORtYCE-Fl31LQSYCx7wU2g,cordless drill projects,Never Buy Drill Batteries Again! This Laptop Charger Trick Really Works,"Hello everyone! You are watching video ""Never Buy Drill Batteries Again! This Laptop Charger Trick Really Works"" I hope you ...",Creation Holic,2026-05-27T12:30:15Z,1140000,"DIY, Invention, Recycle, creation holic, DIY projects, tips and tricks, how to make, Creation Holic, CREATION HOLIC, Drill Batteries, diy, invention, craft, recycled, recycling, handmade, tips, projects, diy ideas, how to repair, old batteries, battery restoration, how to restore old batteries, stop buying new batteries, battery, drill batteries, old drill batteries, how to fix old drill batteries, drill batterie doesn't work, laptop, laptop charger",6850.0,199.0,16.0,9160.0
fy0oHnHEcBk,https://www.youtube.com/watch?v=fy0oHnHEcBk,UCjaWY3w6Buo0eq7NdXKsroQ,cordless drill projects,Precision Wood Drilling Using Cordless Drill | Faster Framing Construction Method?.,"Title: Precision Wood Drilling Using Cordless Drill | Faster Framing Construction Method? *Description/Narration: Wait, don't skip ...",LifeFrame Studio,2026-05-24T11:00:30Z,90400,,8987.0,16.0,0.0,9147.0
74CAwHe5PDw,https://www.youtube.com/watch?v=74CAwHe5PDw,UCm8tLRbfJPLt-Qs0MFE7CWg,impact driver uses,High Torque Impact Driver Power! #construction #tools #carpentry,DESCRIPTION (Voice Over Style): Watch how a cordless impact driver delivers extreme torque to fasten a structural screw directly ...,PropTechX ,2026-03-05T13:00:00Z,31900,,7590.0,4.0,1.0,7650.0
1oMTxZ4hA0E,https://www.youtube.com/watch?v=1oMTxZ4hA0E,UC--RegEavsqzgzl_uKyteng,angle grinder projects,Put Cardboard On An Angle Grinder! The Result Will Shock You 😱 | Inventor Simple,Put Cardboard On An Angle Grinder! The Result Will Shock You | Inventor Simple Have you ever tried putting cardboard on an ...,Inventor Simple,2026-05-14T12:06:02Z,91,"DIY, recycle, simple inventions, diy life hacks, recycling ideas, angle grinder hack, angle grinder tricks, cardboard projects, old cardboard hacks, reusing cardboard, homemade, diy crafts, useful inventions, smart gadgets, repair hacks, workshop hacks, handyman tips, reuse ideas, diy tools, amazing inventions, creative recycling, useful life hacks, homemade gadget, Inventor Simple, diy inventions, diy ideas",6886.0,22.0,7.0,7246.0
XdQbTey9L5I,https://www.youtube.com/watch?v=XdQbTey9L5I,UCMwxcKBkxVUu4IRMvcHli8Q,power tools latest use cases,21 New DeWalt Power Tools You’ve Never Seen,DeWaltTools #NewTools2025 #PowerTools #CoolTools #ConstructionTools #WoodworkingTools #ToolReview ...,Top Tech Tools,2026-03-09T21:30:16Z,302000,"DeWalt tools, DeWalt drill, DeWalt saw, DeWalt hedge trimmer, DeWalt unboxing, best DeWalt tools, top DeWalt tools, DeWalt innovations, workshop tools, professional tools, tool collection, new DeWalt tools 2026, power tools 2026",5976.0,73.0,1.0,6726.0
h2CodLI9I38,https://www.youtube.com/watch?v=h2CodLI9I38,UCMwxcKBkxVUu4IRMvcHli8Q,power tools latest use cases,25 Brand New Milwaukee Tools You’ve Never Seen Before,MilwaukeeTools #PowerTools #ToolReview #DIYTools #ToolEnthusiast #CordlessTools #WorkshopTools #ToolCollection ...,Top Tech Tools,2026-05-14T22:31:21Z,302000,"Milwaukee tools, new Milwaukee tools, Milwaukee cordless tools, Milwaukee drills, Milwaukee impact drivers, Milwaukee saws, Milwaukee grinders, woodworking tools, construction tools, DIY tools, professional tools, Milwaukee innovations, heavy-duty tools, workshop tools, top Milwaukee tools, latest power tools, tool collection, tool reviews, DIY projects, tool guide, Milwaukee tool technology, best Milwaukee tools, tool enthusiasts",5669.0,59.0,1.0,6279.0
df5Qh3Ikwmw,https://www.youtube.com/watch?v=df5Qh3Ikwmw,UC0kDqq-pSzdqFUk3oTaHBuA,power tools latest use cases,Giraffe Tools x Boatworks | Bringing a 56-Year-Old Sailboat Back To Life!,I teamed up with the folks over at @giraffetools to try and get the interior and exterior of my project boat cleaned up and ready for ...,BoatworksToday,2026-05-29T18:05:39Z,243000,"GiraffeTools, CrossFalls Ultra, Pressure Washer, power washer",3337.0,274.0,4.0,6157.0
dMnULC8Pk_A,https://www.youtube.com/watch?v=dMnULC8Pk_A,UCewG7X_pOacHJm0QibJ5vHg,impact driver uses,🔋 Never Buy Drill Batteries Again! Use a SAFETY PIN and Your Batteries Can Be Reused 😱,"Hello everyone! You're watching: ""Never Buy Drill Batteries Again! Use a SAFETY PIN and Your Batteries Can Be Reused "" In ...",Creative 99,2026-05-11T12:01:09Z,71600,"drill battery, safety pin, reuse battery, battery repair, diy battery, restore battery, battery reuse, diy, diy ideas, creative ideas, life hacks, inventions, simple inventions, recycling, reuse, upcycling, diy projects, how to make, homemade tools, tool hacks, repair tips, tips and tricks, smart ideas, home experiment, do it yourself, creative 99",4288.0,14.0,2.0,4468.0
C5uOuu1cPNY,https://www.youtube.com/watch?v=C5uOuu1cPNY,UC-B-zFU0MswAorI0WL1BfWQ,cordless drill projects,Powerful Cordless Drill Machine | Wall Drilling Like Butter 🔥 Heavy Duty Tool#shorts #cordlessdrill,"Powerful cordless drill machine jo hard wall ko bhi aasani se drill kare! Perfect for home use, construction work aur DIY projects ...",ToolVibeX,2026-04-02T12:00:27Z,14400,"cordless drill, electric drill machine, wall drilling machine, power drill for home, heavy duty drill, battery drill machine, drill machine price, DIY tools India, construction tools, concrete drill machine",4432.0,0.0,0.0,4432.0
Gf_hzgPDTY4,https://www.youtube.com/watch?v=Gf_hzgPDTY4,UCQJHoc6ncQ3-6JFROw13Zfg,power tools latest use cases,Why 90% of New POWER TOOLS Are Garbage (The &quot;Plastic Gear&quot; Secret),"Why 90% of New Power Tools Are Garbage (The ""Plastic Gear"" Secret) In 1995, a DeWalt saw had metal gears and a copper ...",Quality Rot,2026-03-31T20:00:13Z,22700,"quality rot, power tools, plastic gears, dewalt, milwaukee, milwaukee fuel, makita, festool, ryobi, black decker, craftsman, cordless tools, battery trap, 20v max, M18, brushless motor, copper clad aluminum, CCA, tool repair, planned obsolescence, buy it for life, BIFL, best power tools, worst power tools, tool brands to avoid, corded vs cordless, porter cable, vintage tools, metal gear case, tool review",2809.0,61.0,49.0,4399.0
lJt1bfsRxg0,https://www.youtube.com/watch?v=lJt1bfsRxg0,UCu1mYVdOakCpunJSZNvt_0Q,power tools latest use cases,20 Hilti Tools That Will Make Construction Work Easier,"Here are 10 new Hilti tools from their 2025 lineup. From electric nailers to industrial-grade laser levels, these tools are built to cut ...",Tools Zone,2026-04-29T13:30:00Z,55300,"new hilti tools, hilto tools 2025, best hilti tools, hilti tools, new hilti nuron, hilti north america, hilti tool released 2025, hilti, hilti power tools, hilti nuron, hilti power drill, hilti nuron power tools, hilti cordless tools, hilti hammer drill, hilti construction tools, coolest hilti tools, hilti skeleton, hilti jaibot, hilti construction robot, hilti multi tools, new power tools, tools review, new tools, hilti nuron tools, power tools, construction tools",3667.0,22.0,0.0,3887.0
gufGPR8cgQM,https://www.youtube.com/watch?v=gufGPR8cgQM,UCYQ3utUKDWA8ekHBgY7ozuQ,impact driver uses,🔋 Use a TERMINAL BLOCK to Revive Your Drill Battery! Watch What Happens 😱,Hello everyone! You're watching: “Use a TERMINAL BLOCK to Revive Your Drill Battery! Watch What Happens ” A creative DIY ...,Inventor 79,2026-05-14T11:30:36Z,385000,"drill battery repair, terminal block battery trick, revive drill battery, diy battery restoration, battery fix at home, DIY ideas, Do it yourself, INVENTOR 79, DIY projects, life hacks, tips and tricks, creative ideas, how to make, recycling, craft, inventions, idea, Old Batteries, Battery Reuse, Battery Restoration, DIY Battery Trick, Inventor 79",3224.0,53.0,3.0,3814.0
KKM94j9Gy-I,https://www.youtube.com/watch?v=KKM94j9Gy-I,UCjRSuvfgRYkIRU-ENC0JfYw,impact driver uses,Woodworker Carves Mortise Holes Using Impact Drill With Chisel Bit,Have you ever seen this clever woodworking hack for carving timber joints? This skilled carpenter uses a regular impact drill fitted ...,Jingxin Guo,2026-05-26T01:06:32Z,7740,,3547.0,6.0,0.0,3607.0
fRLEeS72nY8,https://www.youtube.com/watch?v=fRLEeS72nY8,UCAIzsmzSx9hMJZhm8o9pPfw,angle grinder projects,I Wish I Had Known This Earlier! — Cool idea from a angle grinder!,Angle Grinder Hack is an amazing DIY idea that transforms a regular angle grinder into a powerful custom cutting tool. This Angle ...,TOP1 DIY GLOBAL,2026-05-19T11:01:57Z,200,"angle grinder hack, angle grinder diy, angle grinder idea, diy angle grinder tool, cool idea from angle grinder, homemade cutting tool, diy inventions, workshop hacks, homemade machine, angle grinder attachment, diy power tools, genius diy ideas, tool modification, cutting tool diy, metal cutting diy, amazing diy ideas, workshop invention, homemade engineering, diy machine, creative diy projects, satisfying diy, power tools diy, metalworking diy, TOP1 DIY GLOBAL",2871.0,12.0,10.0,3191.0
_mWCCIl6XW4,https://www.youtube.com/watch?v=_mWCCIl6XW4,UCSxY0fo0BZzJlQDyGYTwCaQ,cordless drill projects,NEVER Buy a Drill Battery Again! Use a Tire Valve and Watch What Happens 🔋,"NEVER Buy a Drill Battery Again! Use a Tire Valve and Watch What Happens "" Don't throw away your old drill batteries!",Tool Bros,2026-03-19T15:00:00Z,55500,"diy tools, diy experiments, homemade tools, workshop diy, repair and reuse, tool hacks, metal diy, electronics diy, practical diy, toolbros diy, NEVER Buy a Drill Battery Again, Tire Valve, Drill Battery",2755.0,10.0,6.0,2975.0
OGDnbU2gaWQ,https://www.youtube.com/watch?v=OGDnbU2gaWQ,UCVFr0pq5PBrd7kLhBrpUfaQ,impact driver uses,Cordless Impact Wrench for Heavy Duty Timber Construction and Woodworking,Cordless Impact Wrench for Heavy Duty Timber Construction and Woodworking 2. (Description) A construction worker uses a ...,SPEKULASI VISION ,2026-05-27T02:06:02Z,3280,,2884.0,9.0,0.0,2974.0
kQ445BvEBDA,https://www.youtube.com/watch?v=kQ445BvEBDA,UC8_QgTc9d1jxGd8POqTX5Dg,cordless drill projects,This cordless drill is a must-have! Powerful &amp; portable for all your DIY projects!,cordlessdrill #powertools #diytools #toolreview #musthavegadgets.,lytoolhub,2026-05-26T07:43:42Z,31,,2796.0,5.0,0.0,2846.0
L0NZ22maiNw,https://www.youtube.com/watch?v=L0NZ22maiNw,UC9m5vG3HR91zdCg2ydG-9kA,impact driver uses,impact driver uses #youtubeshorts #ytshorts #shorts #viralshorts #electrical,,electric tool's uses,2026-05-21T13:34:57Z,16,,2258.0,15.0,0.0,2408.0
u9VgdKPxpQU,https://www.youtube.com/watch?v=u9VgdKPxpQU,UCqPy4_jzZwkEacBaUAq7VfA,impact driver uses,Mini Impact Driver ⚡ Tiny Power Tool 🔥#shorts #MiniTools #Satisfying #DIY #MST #tool #woodworking,This video uses AI-generated visuals for creative and entertainment purposes. All tools are miniature concepts designed to feel ...,Pocket Tool Works,2026-05-15T01:00:37Z,57,,2260.0,7.0,2.0,2370.0
PI_LD3rcKEE,https://www.youtube.com/watch?v=PI_LD3rcKEE,UC7cQz_rZgUnNjf-FirE7uaQ,impact driver uses,Cordless Impact Driver Anchor Installation #tools #construction #diy,Description (Voice Over Style) Watch how a cordless impact driver easily installs a heavy-duty anchor bolt into a wooden beam.,WOODCRAFT STUDIO,2026-03-09T15:00:41Z,325000,,1955.0,3.0,0.0,1985.0
cDhQ_p0cBIk,https://www.youtube.com/watch?v=cDhQ_p0cBIk,UC6eYGLS_vRlwgGMR_Ek9rNw,angle grinder projects,Metal Roof Cutting Hack That Makes Installation Faster!,Metal Roof Cutting Hack That Makes Installation Faster! Accurate angle grinder cutting on metal roofing sheets helps create clean ...,MB PROJECT,2026-05-30T11:00:00Z,73500,,1822.0,8.0,0.0,1902.0
oqt-Sy9Cg70,https://www.youtube.com/watch?v=oqt-Sy9Cg70,UC--RegEavsqzgzl_uKyteng,angle grinder projects,Put Styrofoam On An Angle Grinder! The Result Will Shock You 😱 | Inventor Simple,Put Styrofoam On An Angle Grinder! The Result Will Shock You | Inventor Simple Have you ever tried putting Styrofoam on an ...,Inventor Simple,2026-05-20T12:00:59Z,91,"DIY, recycle, simple inventions, diy life hacks, recycling ideas, angle grinder hack, angle grinder tricks, styrofoam projects, old foam hacks, reusing styrofoam, homemade, diy crafts, useful inventions, smart gadgets, repair hacks, workshop hacks, handyman tips, reuse ideas, diy tools, amazing inventions, creative recycling, useful life hacks, homemade gadget, Inventor Simple, diy inventions, diy ideas",1557.0,10.0,1.0,1677.0
x97G0mvTIh0,https://www.youtube.com/watch?v=x97G0mvTIh0,UCftgtvJuqbj5ZK-MuuxKhMw,power tools latest use cases,"20 New Power Tools from Milwaukee, Ryobi, Makita, DeWalt &amp; Metabo",MilwaukeeTools #RyobiTools #MakitaTools #DewaltTools #MetaboTools #PowerTools2026 #AmazonFinds #DIYTools ...,Chop Busters,2026-03-30T23:15:03Z,1490000,"tools, kitchen tools, amazing tools on amazon, amazing tools, new tools 2023, diy tools homemade, diy tools, diy tools ideas, new diy tools, new tools 2024, power tools, new makita tools, diy tools organizer, woodworking tools, professional contracting tools, new tools, dewalt tools, new tools for construction, homemade tools, tools homemade, new power tools, new tools ideas, cordless tools, new dewalt tools, homemade tools ideas, cordless power tools",1400.0,24.0,0.0,1640.0
NZ5wfbCKfHU,https://www.youtube.com/watch?v=NZ5wfbCKfHU,UClUUS-EAGbGLFrh-aBcjrpA,impact driver uses,3 Minute Build: French Cleat Drill &amp; Driver Holder,"In this 3 Minute Build, I make a simple French cleat drill and impact driver holder to keep my most used tools organised and easy ...",D I White - Designs & DIY,2026-04-02T05:00:27Z,165,,1021.0,37.0,2.0,1431.0
Ta5DDCfQmq0,https://www.youtube.com/watch?v=Ta5DDCfQmq0,UCvmpEDObnhGLpooaUiKk3ew,angle grinder projects,Old Mechanic’s Great Idea – How to Make a Genius Handheld Angle Grinder That’s Safe and Easy,Old Mechanic's Great Idea – How to Make a Genius Handheld Angle Grinder That's Safe and Easy Related videos ...,Mechanical DIY,2026-03-26T11:30:31Z,282,"MechanicalDIY, diylife, Old Mechanic’s Crazy Idea, Million-Dollar Tool, Diy Tool, welders don't know this, how to cut, mechanics, angle grinder safety, angle grinder safe use, easy angle grinder projects, angle grinder for beginners, angle grinder diy projects, angle grinder guard, angle grinder safety tips, angle grinder easy hacks, safe diy cutting tools, angle grinder control techniques, angle grinder training, angle grinder safe cutting disc, angle grinder usage guide",953.0,23.0,5.0,1283.0
eGcxmfU0sJE,https://www.youtube.com/watch?v=eGcxmfU0sJE,UC05PzuuxT0KxwmnNeBB8aJA,power tools latest use cases,The 5 Power Tools That Last a Lifetime (What Professional Carpenters Actually Buy),"Professional carpenters don't buy their tools where you buy yours. They don't shop the same aisle, they don't look at the same ...",ManuFRactured,2026-04-15T19:00:29Z,129,,917.0,15.0,4.0,1147.0
sS8dqMi99z8,https://www.youtube.com/watch?v=sS8dqMi99z8,UCiS0TolXQzuEtDv0eYWBBKQ,impact driver uses,"Two impacts, two different uses, one commonality; reliability!! 🔥🔥🔥","Two impacts, two different jobs… but both bring the same thing every time — RELIABILITY The Makita Sub-Compact is ...",The Tool Man,2026-05-13T17:40:55Z,298,,974.0,12.0,0.0,1094.0
D4YVIVAFyIA,https://www.youtube.com/watch?v=D4YVIVAFyIA,UCKaCnci4qGsaEuXutCR1qzw,cordless drill projects,DIY cordless drill #cordless #diy #drillmachine,In this i show you how to make disc sander or diy sander machine if you like my videos please like share and comments please ...,Craftomax,2026-05-08T19:25:09Z,31,"cordless, drill, machine, mini, diy, diy cordless drill, diy cordless drill machine, how to make, drill machine, rechargeable drill machine, diy cordless, diy cordless machine, diy mini cordless machine, 3 volt drill machine, dc drill machine, homemade cordless machine",933.0,16.0,0.0,1093.0
ca2j1I2Rgyw,https://www.youtube.com/watch?v=ca2j1I2Rgyw,UCS57Bs43YnJi6-KLR_UwbzQ,power tools latest use cases,I Tested This $15 Power Tool Case by PAIYULE — Here&#39;s What I Found,Is this $15 screwdriver storage case from PAIYULE actually worth it? I put it to the honest test so you don't have to waste your ...,Scotts Honest Reviews,2026-04-18T01:18:37Z,325000,"Scotts Honest Reviews, Wengertime89 Unboxing, ool review, screwdriver organizer, tool bag, tool organization, workspace organization, tool box, amazon finds, amazon tool review, honest review, product review, PAIYULE review, cordless screwdriver case, power tool organizer, screwdriver storage case, electric screwdriver organizer, DEWALT screwdriver case, tool storage bag, screwdriver case review",858.0,5.0,1.0,928.0
qTBev9RKhpo,https://www.youtube.com/watch?v=qTBev9RKhpo,UCmOaenSyAd3pXzEempGMQMA,oscillating multi tool uses,How to Use an Oscillating Multi-Tool (6 Mistakes to Avoid for Clean Cuts),"Want cleaner, more precise results with your DeWalt Oscillating Multi-Tool? In this video, you'll learn how to properly use an ...",Even Monkeys Can Do It,2026-03-18T10:15:10Z,428,"how to use oscillating multi tool, oscillating multi tool tips, oscillating tool mistakes, oscillating tool clean cuts, Dewalt oscillating tool, Dewalt multi tool, Dewalt oscillating multi tool tutorial, oscillating tool for beginners, oscillating tool cutting tips, oscillating tool techniques, Dewalt tool tips, DIY tool tips, home improvement tools, oscillating tool guide, oscillating tool cutting wood, oscillating tool blade tips, oscillating multi tool tutorial",773.0,13.0,0.0,903.0
umtBNevbzf8,https://www.youtube.com/watch?v=umtBNevbzf8,UCSykXTqK41kaIoO810pm9WQ,angle grinder projects,Genius DIY: How to make a knife with a replaceable blade,"Welcome to another exciting DIY project! In this video, we will show you how to build a genius, custom-made knife with a easily ...",Mr Creative,2026-05-30T10:08:43Z,1360000,"Mr Creative, DIY, Creative, Tricks, Lifehacks, Hacks, Handmade, Trending, Viral, genius diy, how to make a knife, replaceable blade knife, diy utility knife, homemade knife, custom knife making, diy pocket knife, diy folding knife, smart diy tools, everyday carry diy, edc knife diy, scrap metal projects, metalworking diy, workshop ideas, creative engineering, craft tool diy, simple knife making, razor blade knife diy",585.0,29.0,0.0,875.0
-F3jD3Wi7o8,https://www.youtube.com/watch?v=-F3jD3Wi7o8,UC3dc-rblU34e6AhSWHInPMg,power tools latest use cases,Right-Sizing Power Tool Accessories with @ConcordCarpenter,Choosing the right power tool accessory is often the difference between a smooth job and lost time on the site. In this episode ...,Milwaukee Tool,2026-05-26T11:01:42Z,210000,"circ blades, circular saw blades, milwaukee accessories, milwaukee power tool accessories, multi tool blades, nitrus accessories, nitrus circ blades, nitrus omt blades, nitrus recip blades, oscillating blades, recip blades",601.0,17.0,4.0,851.0
w0JodMuDSLA,https://www.youtube.com/watch?v=w0JodMuDSLA,UCI_BDt7tUqIFGBHWu2cc3Vg,angle grinder projects,This Invention Could Change Everything! DIY Angle Grinder Stand From Handlebar Parts,"What if simple metal parts and old handlebars could become a strong and practical angle grinder stand? In this video, I build a ...",ToolForge Lab,2026-05-10T13:01:40Z,43,,325.0,0.0,0.0,325.0
87M6PePj7Dk,https://www.youtube.com/watch?v=87M6PePj7Dk,UCFKK8eSGUVuJVZEAhey2Oxw,cordless drill projects,Say Goodbye to Cord Hassles - AVID POWER Cordless Drill Set Saves the Day!,Say hello to your new DIY companion: the AVID POWER 20V Cordless Drill Set! Perfect for home improvement and beginner ...,Budget Finds,2026-05-17T01:35:51Z,31,,223.0,0.0,1.0,243.0
lZ9OYE_5EOs,https://www.youtube.com/watch?v=lZ9OYE_5EOs,UCpjrIMvyYVFyGWD5GEK32IQ,impact driver uses,Perfect Wood Joint Installation Using This Power Drill! 😱🔩,Title: Perfect Wood Joint Installation Using This Power Drill! Tool Name: Cordless Impact Driver / Power Drill Description: ...,QUEEN WORKERS,2026-04-04T16:22:50Z,93900,,191.0,0.0,0.0,191.0
OxvKzcaL3zY,https://www.youtube.com/watch?v=OxvKzcaL3zY,UCmgQ_RCHX_zhOwSGpw9Kmcw,impact driver uses,LAZYLAND 21V Brushless Impact Driver,"21V Brushless Impact Screwdriver, LAZYLAND 230Nm Electric Cordless Driver Set with Dual 3.0Ah Batteries, Screwdriver Bits ...",RickMakes,2026-03-07T13:00:41Z,46600,"LAZYLAND 21V Brushless Impact Driver, impact driver, tool review, tool reviews, how to use an impact driver, impact driver vs drill, impact driver bits, impact driver accessories, impact driver uses, impact driver test, impact driver socket adapter, impact driver demonstration, altocraft, brushless impact driver uses, brushless impact driver, 20v impact driver",172.0,0.0,0.0,172.0
qTDpfVYZP1c,https://www.youtube.com/watch?v=qTDpfVYZP1c,UCEwq6Wt3yeNTCLLhWfPCiKg,cordless drill projects,Best Cordless Drill 2026? SEESII 21V Proves Itself 🔥 Cordless Drill and Impact Driver,Best Cordless Drill 2026? SEESII 21V Proves Itself Cordless Drill and Impact Driver The Advance Technology Product ...,The Advance Technology,2026-04-21T16:31:53Z,270,"The Advance Technology, cordless tools, power drill, diy projects, tool review, best drill, amazon deals, amazon gadgets, amazon finds, amazon products, cordless drill, impact driver, cordless drill combo, impact driver kit, cordless drill set, best cordless drill, best impact driver, power tools, electric drill, battery drill, drill driver, impact wrench (related, often searched together), tool kits, DIY tools, heavy duty drill, brushless drill, cordless tool set",160.0,1.0,0.0,170.0
bdF_jurmv70,https://www.youtube.com/watch?v=bdF_jurmv70,UCe_5cyghC66jIC64KnUs77w,power tools latest use cases,🔋Never Buy Drill Batteries Again! Use Hex Standoffs and Watch What Happens!😱,"Hello everyone! You are watching the video: ""  Never Buy Drill Batteries Again! Use Hex Standoffs and Watch What Happens!",DIY Hacks,2026-05-30T12:00:22Z,80600,"DIY, invention, crafts, homemade, recycling, US, howto, DIY hacks, do it yourself, DIY projects, life hacks, tips and tricks, creative ideas, how to make, craft ideas, DIY ideas, how to, tutorial, ideas, diy, reuse, tips, hacks, diy ideas, old batteries, battery restoration, how to restore old batteries, stop buying new batteries, simpe tips, battery, drill batteries, old drill batteries, how to fix old drill batteries, drill batterie doesn't work, restoration, charger, Hex Standoffs",80.0,6.0,1.0,160.0
J5DGB0xhYGc,https://www.youtube.com/watch?v=J5DGB0xhYGc,UCv5AU74tkGbzXE1E7ugd54Q,power tools latest use cases,Useful Applications of a Laser Power Meter,"In this video, I demonstrate two different use cases of a laser power meter for creating holograms.",Holo Dan,2026-05-11T01:25:48Z,88,"sanwu laser power meter, sanwu, laser power meter",105.0,1.0,2.0,155.0
Fz_hG8N-ab4,https://www.youtube.com/watch?v=Fz_hG8N-ab4,UCtPViWFfDGkr7PHg_en-HtQ,cordless drill projects,The 6 Best Cordless Drills for DIY Projects of 2026 | Worth Every Penny,Best Cordless Drills for DIY Projects Links to all products mentioned are in the description below: 00:00 INTRO 00:35 ...,ToolScope Pro,2026-04-30T18:00:26Z,1870,"ToolScope Pro, best Cordless Drills, best Cordless Drills 2026, best Cordless Drills reviews 2026, top Cordless Drills, top Cordless Drills 2026, top Cordless Drills reviews, Cordless Drills reviews, Cordless Drills 2026, best Cordless Drill, best Cordless Drill 2026, best Cordless Drill reviews, Cordless Drill, Cordless Drill 2026, Cordless Drill reviews, top rated Cordless Drill, Cordless Drills",139.0,1.0,0.0,149.0
IdSS30q352o,https://www.youtube.com/watch?v=IdSS30q352o,UCrzBSHE6eXNp_W08sQTh5IA,impact driver uses,✅ Best Impact Driver for Cars: Impact Driver for Cars 2026 (Buying Guide),"In this video, we're going to take a look at the Best Impact Driver for Cars. We'll compare the Best Impact Driver for Cars on the ...",Top5 Unboxed,2026-04-12T14:45:02Z,164,"best impact driver for cars, best impact wrench for automotive, best budget impact wrench for cars, best impact driver, best impact driver bits, best impact driver bit set, best impact driver uk, best impact driver in india, impact driver, impact driver vs drill, impact driver total, impact driver drill wall, impact driver bits, impact driver for drilling, impact driver uses, impact driver inside, impact wrench, impact mints, impact screwdriver, impact x production",78.0,1.0,0.0,88.0
v0BGn8jblHg,https://www.youtube.com/watch?v=v0BGn8jblHg,UCnRIxJtUg-ppfQELko6zn-A,angle grinder projects,TOP 3 Best Cordless Mini Angle Grinder Homemad Kits | Best Budget to buy #tools,"If you've ever felt that large angle grinders are awkward, too loud, or simply overkill for home projects: 🛠️ 3 Mini Angle Grinders ...",bluwmai,2026-03-01T22:15:03Z,351,"bluwmai, best amazon gadgets, best amazon products reviews, best budget on amazon, Best Cordless Mini Angle Grinder Kits, top best mini grinders amazon 2026, top best mini angle grinder to buy on amazon good price, homemade mini angle grinder, Which MINI ANGLE GRINDER is the BETTER ONE, Cordless Angle Grinders for Every Budget, mini angle grinders for woodworking, best mini angle grinder quality price for home use, angle grinders purchase",34.0,1.0,2.0,84.0
TU9xxKxwfBI,https://www.youtube.com/watch?v=TU9xxKxwfBI,UCGYjowcF-1DBJbnZMs4hhGA,cordless drill projects,Best Home Tool Kit? Sundpey 255-PCs Tool Set with 21V Cordless Drill,"Here are The Links to Buy ▻ Sundpey 255-PCs Tool Kit ○Amazon US: https://amzn.to/3RQMG4B As an Amazon affiliate, I earn ...",Projects and Reviews Zone,2026-05-27T20:50:12Z,7310,tool kit,34.0,1.0,2.0,84.0
NzK_i8LNgqc,https://www.youtube.com/watch?v=NzK_i8LNgqc,UCpeN89fnq2qTMV6AmVPZBsg,cordless drill projects,Top 5 Best Cordless Drills for Home Use in 2026 (Reviews &amp; Buyer’s Guide),"Looking for the best cordless drill for home use in 2026? In this video, I reviewed some of the top cordless drills for DIY projects, ...",PowerTool Lab,2026-05-13T14:23:28Z,7,,53.0,0.0,1.0,73.0
Fr4bxZ6QHmc,https://www.youtube.com/watch?v=Fr4bxZ6QHmc,UC9PVP424_8XQ6xQNEFLK42A,cordless drill projects,Best Drill For Home Projects Of 2026 - Top 5 Drills For Home Projects Review,best drill for home projects ⤵️ | Links To Products 1. BLACK+DECKER BDC120VA100 ...,Reliable Reviews,2026-03-26T22:00:26Z,153,"BLACK+DECKER BDC120VA100, BLACK+DECKER LDX120PK, DEKOPRO Drill Set, DIY drill review, Hi-Spec Electric Screwdriver Set, battery powered drill, best cordless drill 2026, best drill for home projects *2026*, best drill for home projects 2026, brushless drill review, budget cordless drill, compact drill for home projects, cordless drill for home, drill reviews home improvement, home improvement tools, lightweight drill, versatile drill kit",62.0,0.0,0.0,62.0
otcP3mh32ms,https://www.youtube.com/watch?v=otcP3mh32ms,UCirntoHXLGniJcCEgZufLcA,power tools latest use cases,Crafting the future - Power Tools in the Age of AI and Digitalization,"Thomas Donato | CEO | Bosch Power Tools In this masterclass, Thomas Donato shares how Bosch Power Tools is integrating AI ...",Seerene,2026-03-27T13:04:46Z,706,,57.0,0.0,0.0,57.0
BlWeNzczcDU,https://www.youtube.com/watch?v=BlWeNzczcDU,UCPvKvnsLwSw67QFgOcdh15Q,angle grinder projects,"Top 5 Angle Grinders 2026 🔧 Best Power Tools for Cutting, Grinding &amp; DIY Projects","Looking for a powerful and reliable angle grinder? ⚡ You're in the right place! In this video, we've selected the Top 5 Angle ...",Deal Explorer,2026-05-04T12:09:04Z,22,"angle grinder, best angle grinder 2026, power tools, grinder tool, electric angle grinder, cordless angle grinder, best grinder for metal, cutting tool grinder, grinding machine handheld, diy tools 2026, workshop tools, professional angle grinder, budget angle grinder, heavy duty grinder, small angle grinder, metal cutting tool, polishing grinder, tool for construction work, best power tools USA, angle grinder review, tools, angle grinders, milwaukee, how to cut metal",37.0,0.0,1.0,57.0
zqGf62YVX34,https://www.youtube.com/watch?v=zqGf62YVX34,UCXFYJLtSQZfV5jvV0L56UeA,cordless drill projects,Power Drill Showdown | How to Choose the Right Drill for DIY Projects,"Thinking about buying a power drill but not sure which one is right for you? In this episode of ToolTalk Pro, Kevin and Kelly break ...",Tool Talk Pro,2026-05-18T10:16:03Z,25,"power drill, drill guide, best power drill, diy tools, cordless drill, hammer drill, impact driver, drill driver, power drill showdown, beginner drill guide, how to choose a drill, diy drill, tools for beginners, workshop tools, home improvement tools, tooltalk pro, drill vs impact driver, best drill for diy, cordless vs corded drill, drill torque explained, diy projects, tool review, power tools, drilling tips, impact driver explained, home repair tools, drill basics",55.0,0.0,0.0,55.0
PthJUgf4dJA,https://www.youtube.com/watch?v=PthJUgf4dJA,UCjUeotKfGZ1uyyVaP_HDGMg,cordless drill projects,GardenJoys Drill is great for starter or light projects #sponsored. GardenJoy Cordless Power Drill S,"Buy it here: https://geni.us/FM3e GardenJoy Cordless Power Drill Set: 12V Electric Drill with Battery and Charger, 34pcs ...",Barnes Robertson Reviews,2026-05-08T12:52:46Z,1100,Tools & Home Improvement,36.0,0.0,0.0,36.0
rmQVoWJh5Fg,https://www.youtube.com/watch?v=rmQVoWJh5Fg,UCKaCnci4qGsaEuXutCR1qzw,cordless drill projects,DIY Cordless Mini Drill (Toy Conversion),"In today's project, I'm taking an old toy and giving it a massive upgrade. By swapping out the weak components for a high-speed ...",Craftomax,2026-05-02T15:10:37Z,31,"diy mini drill, how to make a drill, toy conversion, cordless drill diy, mini electric drill, rechargeable drill machine, homemade power tools, dc motor project, upcycled toys, micro drill diy, pcb drill machine, engineering projects, simple inventions, tool hacks, homemade drill machine, how to convert toys, diy cordless tool, dc motor, how to make, drill machine, how to make mini drill machine, mini drill machine, mini drill chuck",13.0,2.0,0.0,33.0
FkR2A486CTI,https://www.youtube.com/watch?v=FkR2A486CTI,UC9PVP424_8XQ6xQNEFLK42A,cordless drill projects,Best 20V Cordless Drill Of 2026 - Top 5 20V Cordless Drills Review,best 20v cordless drill ⤵️ | Links To Products 1. BLACK+DECKER BDC120VA100 ...,Reliable Reviews,2026-04-01T22:00:13Z,153,"20V drill driver, 20v cordless drill comparison, 20v drill for beginners, BLACK+DECKER BDC120VA100, Craftsman CMCD700C1, DEKOPRO Cordless Drill, DIY power drill, Pulituo Cordless Drill Driver, VIWKO Cordless Drill Set, battery powered drill, best 20v cordless drill 2026, best 20v cordless drill reviews, compact cordless drill, cordless drill 20v kit, home improvement tools, lightweight cordless drill, top 20v cordless drills",18.0,0.0,0.0,18.0
XidnApqzoH8,https://www.youtube.com/watch?v=XidnApqzoH8,UC-QUp7SEClJVa7hqan3uPyA,cordless drill projects,TOP 5 Best Cordless Drills For Home Use 2026,Disclosure: “As an Amazon Affiliate Program I earn from qualifying purchases.” . 1. Amazon: ...,Smart Purchase,2026-05-29T14:17:16Z,63,"best cordless drills for home use, best cordless drill for home use, best power drill for home use, best budget cordless drills, best lightweight cordless drill, best cordless drill machine for home use, how to choose a cordless drill, cordless drill vs corded drill, top cordless drill brands, best cordless drills for DIY projects, most powerful cordless drill for home, cordless drill buying guide for beginners, best cordless drill for furniture assembly",10.0,0.0,0.0,10.0
c5wbm_dhnq4,https://www.youtube.com/watch?v=c5wbm_dhnq4,UCRcufOtwAZOQ2K_eNFl5LJg,angle grinder projects,"Turn an Angle Grinder Into a Mini Grain Crusher! So Easy, But Nobody Does It!","Welcome to the video "" Turn an Angle Grinder Into a Mini Grain Crusher! So Easy, But Nobody Does It!"" on SteelNova Lab.",SteelNova Lab,2026-05-18T12:01:05Z,1,"DIY tools, homemade tools, mechanical DIY, metal fabrication, welding projects, tool making, scrap metal projects, workshop hacks, welding tricks, DIY inventions, engineering DIY, fabrication tools, industrial DIY, tool repair hacks, creative metal projects",9.0,0.0,0.0,9.0
08anHr2qUpw,https://www.youtube.com/watch?v=08anHr2qUpw,UCfLe_A4mMCbOHoZxn6D_WYw,oscillating multi tool uses,Satisfying Paint Removal with an Oscillating Multi-Tool 🔥 #tools #woodworkingtools,Watch this oscillating multi-tool effortlessly strip old paint and finish from wood. This powerful cordless multi-tool is perfect for ...,Tools Log,2026-03-12T15:00:03Z,39200,,,,,0.0
2NlVGQ6Rvdw,https://www.youtube.com/watch?v=2NlVGQ6Rvdw,UCZD1zG4t00EaS5StzIgfXdg,oscillating multi tool uses,TOP 5 Best Oscillating Multi Tool 2026 | The Only Oscillating Multi Tools Worth Your Money,Disclosure : “As an Amazon Affiliate Program I earn from qualifying purchases.” Official Website: . Amazon: ...,Next Review,2026-03-05T14:15:00Z,435,,,,,0.0
xe4KYxVTFi4,https://www.youtube.com/watch?v=xe4KYxVTFi4,UC8bYhuT5p6xncsk1CZAO1Fw,oscillating multi tool uses,How to Repair your Milwaukee Multi M18 FMT Multi tool at home for only 2 Euro. ,"No joke, never dump these Milwaukee multi tools. This is a very common failure, but it is so easy and cheap to fix. Anyone can do ...",Dean Doherty,2026-05-16T10:01:32Z,328000,,,,,0.0
37nGjwps47c,https://www.youtube.com/watch?v=37nGjwps47c,UC8K6cFplmGGAd6bgNsSMJ2Q,oscillating multi tool uses,Upgrade your workshop with this oscillating tool kit  #tools #dewalt #powertools #multitool,"Buy it here (affiliate link): https://amzlink.to/az0k7vYgKCr6e DEWALT 20V MAX XR Oscillating Tool Kit with Blades, 3 Speed ...",My Everyday Elevated -  — We Don’t Do Basic.,2026-04-19T07:49:44Z,80,,,,,0.0
IlOojzbIa7w,https://www.youtube.com/watch?v=IlOojzbIa7w,UC8K6cFplmGGAd6bgNsSMJ2Q,oscillating multi tool uses,Upgrade your workshop with this oscillating tool kit,"Buy it here (affiliate link): https://amzlink.to/az0k7vYgKCr6e DEWALT 20V MAX XR Oscillating Tool Kit with Blades, 3 Speed ...",My Everyday Elevated -  — We Don’t Do Basic.,2026-04-19T07:49:44Z,80,,,,,0.0
z5sM80MkwQo,https://www.youtube.com/watch?v=z5sM80MkwQo,UCIIDGb5RRJn6j5hlWr478oA,oscillating multi tool uses,48 Genius Power Tools on Amazon That Make DIY Faster &amp; Easier,"48 Genius Amazon Power Tools You Can't Ignore [2026] Looking to take your DIY projects to the next level? In this video, we ...",ToolsRank,2026-03-30T16:26:47Z,978,,,,,0.0
5edaqqEGl8Y,https://www.youtube.com/watch?v=5edaqqEGl8Y,UCtkfqhQWwLVQHWLQWDHdGtQ,oscillating multi tool uses,How To Cut Tree Branches (Wood) With A Reciprocating Saw - How To Insert Blade In Reciprocating Saw,"Looking to chop wood then its best to use a reciprocating saw, cheap and very easy to use! SMASH THAT LIKE BUTTON + ...",ZRK REVIEWS,2026-04-04T11:41:14Z,27600,,,,,0.0
Yp-iUlK303c,https://www.youtube.com/watch?v=Yp-iUlK303c,UC8K6cFplmGGAd6bgNsSMJ2Q,oscillating multi tool uses,Powerful Oscillating Multi-Tool Review!,"Buy it here (affiliate link): https://amzlink.to/az0oDs1dQjJk3 DEWALT 20V MAX XR Oscillating Multi-Tool Cordless, Variable Speed ...",My Everyday Elevated -  — We Don’t Do Basic.,2026-04-19T18:30:39Z,80,,,,,0.0
S-_VbBx9wvc,https://www.youtube.com/watch?v=S-_VbBx9wvc,UCRk5V4KdfsRPhzP_XnLT7YA,oscillating multi tool uses,Why Every New Woodworker Needs an Oscillating Tool,"If you're new to woodworking or DIY projects, an oscillating tool might quickly become one of the most useful tools in your ...",MY PROJECTS 101,2026-03-15T23:14:11Z,4470,,,,,0.0
Qq_XbEkWkDA,https://www.youtube.com/watch?v=Qq_XbEkWkDA,UCGIoJmGfnSQpjoTdDs_BPuA,oscillating multi tool uses,Dremel 4300 Rotary Tool Review | The Ultimate DIY Rotary Tool?,Buy it here (affiliate link): https://amzlink.to/az0SNejVkBAbz Dremel 4300-5/40 High Performance Rotary Tool Kit with LED Light- 5 ...,"Geoff's Gadgets, Gear and Good Deals",2026-04-12T05:38:30Z,23600,,,,,0.0
uqfHB2DlnUM,https://www.youtube.com/watch?v=uqfHB2DlnUM,UCh4O8JESwIQ29MYj0qpAgjA,oscillating multi tool uses,Ryobi Oscillating Multi Tool Review (Check Out the Features) #ad #amazoninfluencer,Check it out on Amazon here (affiliate link): https://amzlink.to/az0RA8JGXMoLT Ryobi ONE+ 18V Cordless Oscillating Multi-Tool ...,Sigma Lady DIY,2026-03-29T13:51:39Z,120,,,,,0.0
qmvB3EMwbaU,https://www.youtube.com/watch?v=qmvB3EMwbaU,UCLRBmGOz47b41KWC7W7qIdw,oscillating multi tool uses,I can&#39;t believe this Sharptool 2.0 isn&#39;t more popular,"Blunt oscillating multitool blades are a common problem on site. Once the teeth dull or hit nails, many users simply replace the ...",Artis Builds,2026-03-08T17:58:50Z,2840,,,,,0.0
q1MvNqRakYI,https://www.youtube.com/watch?v=q1MvNqRakYI,UCEuaeeS9yrcyetLhX9b67ng,oscillating multi tool uses,New Easy Multi Tool V1.2.X - 2026 All Android |  For All User And Technician Android,Easy Multi Tool v1.2.0 Latest - All Android Versions 2026. For All Android Users and Technicians. Download Easy Multi Tool ...,SAHRIL TECHNO,2026-04-10T09:30:23Z,36300,,,,,0.0
oLclsj1JCLc,https://www.youtube.com/watch?v=oLclsj1JCLc,UCKp44bWWZIiOPShPN_ytShw,oscillating multi tool uses,"The Kreg Edge is not a Domino Killer, and that’s the point!","Kreg just announced the new Kreg Edge Loose Tenon Joiner, and I got some hands-on time with a pre-production unit at ...",The Wood Whisperer,2026-05-29T23:06:41Z,891000,,,,,0.0
zWFFXejcH3o,https://www.youtube.com/watch?v=zWFFXejcH3o,UC8K6cFplmGGAd6bgNsSMJ2Q,oscillating multi tool uses,DIY Must-Have Tool - RYOBI ONE+ Oscillating Tool Test Ryobi ONE+ 18V Cordless Oscillating Multi-Tool,"Buy it here (affiliate link): https://amzlink.to/az0f2AsRb8Rg7 Ryobi ONE+ 18V Cordless Oscillating Multi-Tool (Tool Only), RYOBI ...",My Everyday Elevated -  — We Don’t Do Basic.,2026-04-10T16:35:42Z,80,,,,,0.0
Cy9fSeVcdKY,https://www.youtube.com/watch?v=Cy9fSeVcdKY,UCGWfRHUYubEVi5E8UTDn5GQ,oscillating multi tool uses,BuilderBlades™-Two Blades in One-The World’s First Oscillating Tool Blade with Multi-Snap Technology,BuilderBlades™ *** The World's First Oscillating Tool Blade with Multi-Snap Technology. Two blades in one. Longer life. Smarter ...,Stealth0031,2026-04-27T13:35:15Z,23,,,,,0.0
-C06KyWJ6Tw,https://www.youtube.com/watch?v=-C06KyWJ6Tw,UC8K6cFplmGGAd6bgNsSMJ2Q,oscillating multi tool uses,Powerful Oscillating Multi-Tool Review! #tools #dewalt #powertools,"Buy it here (affiliate link): https://amzlink.to/az0oDs1dQjJk3 DEWALT 20V MAX XR Oscillating Multi-Tool Cordless, Variable Speed ...",My Everyday Elevated -  — We Don’t Do Basic.,2026-04-19T18:30:39Z,80,,,,,0.0
BHLswxIX2t8,https://www.youtube.com/watch?v=BHLswxIX2t8,UCIu4m25EguTLNAoRHF9ijTg,oscillating multi tool uses,Top 5 Best Oscillating Tool | Top Oscillating Multi-Tool,Top 5 Best Oscillating Tool | Top Oscillating Multi-Tool ✓ 1. DEWALT DCS356C1 20V MAX XR Cordless Oscillating Tool Kit ...,A2Z Review,2026-04-29T18:00:18Z,11700,,,,,0.0
4cbvwQx0eH4,https://www.youtube.com/watch?v=4cbvwQx0eH4,UCKiQre8JJEQ0kFdatGY5HlQ,oscillating multi tool uses,I Wasted Money on These Tools… Don’t Make This Mistake,"https://www.instagram.com/ http://www.whitelyonwoodworks.com Subscribe for real shop fixes, tips or projects. I've bought tools I ...",White Lyon Woodworks,2026-04-22T18:08:29Z,1110,,,,,0.0
rlxGJCVERjc,https://www.youtube.com/watch?v=rlxGJCVERjc,UCjaWY3w6Buo0eq7NdXKsroQ,oscillating multi tool uses,Fast Wood Cutting Trick Near Concrete – Smart Construction Technique!.,"Title: Fast Wood Cutting Trick Near Concrete – Smart Construction Technique! Description: wait, don't skip yet guys! In this video ...",LifeFrame Studio,2026-04-04T11:01:27Z,90400,,,,,0.0
i7GxKrjuMlY,https://www.youtube.com/watch?v=i7GxKrjuMlY,UCJPliL5hpDQSJnQimCDsAsg,oscillating multi tool uses,Every DIYer Needs a Multitool!,Bet you didn't know this tool 🛠️ The multitool or oscillating tool has tons of uses and is essential for home renovations perfect for ...,Desert Dogs,2026-03-10T16:01:05Z,24,,,,,0.0
IRaImH2KaSI,https://www.youtube.com/watch?v=IRaImH2KaSI,UCkBmIiDLkMeEOhUkixHnYXQ,oscillating multi tool uses,XGT Rebar Tying Tool | TR001G,"Powerful, precise, and built for pros. Our XGT Rebar Tying Tool uses a 40V Max XGT battery and 1.6mm annealed wire to deliver ...",Makita UK,2026-04-10T16:45:01Z,22300,,,,,0.0
tz8CtdYOoao,https://www.youtube.com/watch?v=tz8CtdYOoao,UCtmEArToh11Rr48C1krd4wQ,rotary hammer drill uses,5 Best ROTARY HAMMER Drills 2026 | Top Rotary Hammer Drill Value for Money,Buy Here 5️⃣: ENEACRO 13A SDS-Plus Rotary Hammer: Amazon: https://geni.us/Hqs4vvk 4️⃣: DEWALT 20V SDS ...,The Best Selection,2026-04-12T15:01:30Z,6280,,,,,0.0
YaZ22f5JZs0,https://www.youtube.com/watch?v=YaZ22f5JZs0,UCPRHIusnmoiUEyjda6e_Mhg,rotary hammer drill uses,Concrete Demolition with Rotary Hammer Drill – Indoor Renovation Breaking Process,Title: Concrete Demolition with Rotary Hammer Drill – Indoor Renovation Breaking Process 🛠️ Tools Name: Rotary Hammer ...,ZenSatisfy,2026-05-28T18:00:23Z,14000,,,,,0.0
ITLgtr9OTb0,https://www.youtube.com/watch?v=ITLgtr9OTb0,UCgLVFSmfbLg5G4wuzOq-bNQ,rotary hammer drill uses,Difference between drill driver/hammer drill and an SDs hammer drill,,Addicted to Tools,2026-03-12T07:37:41Z,95300,,,,,0.0
-t-I4pDI1Jc,https://www.youtube.com/watch?v=-t-I4pDI1Jc,UCFYqjhnEeoYgnoHFPn9VUNQ,rotary hammer drill uses,Inside a Rotary Hammer Drill 🔨,"In this video, the internal components of a rotary hammer drill are shown while the tool is operating. Unlike a standard drill, this ...",Dead Scrollers Society,2026-04-14T04:16:20Z,3460,,,,,0.0
MrIwvUtlhUg,https://www.youtube.com/watch?v=MrIwvUtlhUg,UCRAtUQaHI4Z8F60nEZMQMMA,rotary hammer drill uses,Top 5 Best Rotary Hammers in 2026 From AliExpress,Top 5 Best Rotary Hammers in 2026 From AliExpress ✔️✔️✔️       Number 1.RUIBA RB-BL24A electric hammer ...,Gobi Express,2026-04-28T15:00:59Z,6880,,,,,0.0
ARJQGc_-HY8,https://www.youtube.com/watch?v=ARJQGc_-HY8,UCx1m6AboILQKMNXbsLjjI4Q,rotary hammer drill uses,Secret Drilling Tricks the Pros Use,"Drilling, just like cutting, needs to be accurate to ensure your projects come out as they should! Drill Block Guide: ...",Proper DIY,2026-04-19T07:00:06Z,609000,,,,,0.0
HA173fBpYPA,https://www.youtube.com/watch?v=HA173fBpYPA,UCDWG4wrQoEDd0mz08TwRZdw,rotary hammer drill uses,Powerful Wall Demolition with Rotary Hammer – Fast &amp; Efficient Removal!,Title Powerful Wall Demolition with Rotary Hammer – Fast & Efficient Removal! Tool Name Rotary Hammer Drill (Demolition ...,Innovative Mechanix,2026-03-23T07:00:11Z,76400,,,,,0.0
KFxtIyrPyIw,https://www.youtube.com/watch?v=KFxtIyrPyIw,UC7f2OkyZEc4asTEtWMpPxag,rotary hammer drill uses,Testing the Rotary Hammer Drill 🔥 Is It Actually Powerful? #diytools #homerepair,Today I'm testing out this rotary hammer drill to see how it performs in a real drilling test. No fancy setup — just a straightforward ...,Tumto Builds,2026-03-13T10:29:27Z,3,,,,,0.0
wrmVwmyiNYc,https://www.youtube.com/watch?v=wrmVwmyiNYc,UCSaGSMDbOeMM_SA3NNZQv3Q,rotary hammer drill uses,How a Hammer Drill Actually Works (3D Animation),"Ever wondered how a drill can punch through solid concrete like butter? In this video, we go deep inside the Hammer Drill ...",Simple Engineer,2026-04-21T13:01:45Z,1250,,,,,0.0
7jONN_wWITI,https://www.youtube.com/watch?v=7jONN_wWITI,UC-yrnC0dsioGD5FRV5YATIQ,rotary hammer drill uses,Fast &amp; Efficient Drilling Technique on Concrete Wall 🔧⚡.,"Title: Fast & Efficient Drilling Technique on Concrete Wall ⚡ Description: tunggu jangan skip dulu guys! In this video, we are ...",Crafted Logic,2026-04-15T13:10:00Z,247000,,,,,0.0
KhF-JNUP0kQ,https://www.youtube.com/watch?v=KhF-JNUP0kQ,UCyTEZ3ELDYtA3afh8b1AluQ,rotary hammer drill uses,Bosch GBH 2 28 F Professional Rotary Hammer Review and Demo,https://amzn.to/42fvZlz #Bosch #BoschProfessional #RotaryHammer #PowerTools #Construction #GBH228F #ConcreteDrilling ...,Universe3d,2026-04-26T03:45:24Z,2940,,,,,0.0
yeNVKgZNw4c,https://www.youtube.com/watch?v=yeNVKgZNw4c,UCDtWmu1foTUwhPDnG2ILafQ,rotary hammer drill uses,Rotary Hammer Drill with Flat Chisel Bit,TITLE: Amazing Brick Wall Channel Cutting Tool | Masonry Drill Chisel Technique That Professionals Use DESCRIPTION: This ...,FLY & RISE_STUDIO,2026-03-05T14:01:42Z,18400,,,,,0.0
gPrEQ1hvV2Y,https://www.youtube.com/watch?v=gPrEQ1hvV2Y,UCBbo3lom1HhtXuG7XQ8AhFg,rotary hammer drill uses,Rotary hammer drill for concrete…😁 #concrete #construction #contractor,,Real Concrete Solutions,2026-05-08T23:20:35Z,173000,,,,,0.0
JFJ8usra61k,https://www.youtube.com/watch?v=JFJ8usra61k,UC8bYhuT5p6xncsk1CZAO1Fw,rotary hammer drill uses,"When your Milwaukee Hammer stops Hammering, its time to get Makita for help. ",Not the first time iv done this one. How to fix a Milwaukee M18 FH sds drill that is not hammering. Milwaukee dont sell the ...,Dean Doherty,2026-05-14T10:00:24Z,328000,,,,,0.0
vXdFGZx1_Uw,https://www.youtube.com/watch?v=vXdFGZx1_Uw,UCMIdEQ0fgPiaFJBk3a1h4sg,rotary hammer drill uses,Concrete Wall Drilling Near Rebar – Professional Construction Technique Tutorial,Title: Concrete Wall Drilling Near Rebar – Professional Construction Technique Tutorial Description: This video demonstrates ...,DIY Wood Skills,2026-03-23T05:00:58Z,71500,,,,,0.0
nnZxo-az0Qg,https://www.youtube.com/watch?v=nnZxo-az0Qg,UCyTEZ3ELDYtA3afh8b1AluQ,rotary hammer drill uses,Bosch GBH 18V-22 Professional Rotary Hammer Review 2026,https://amzn.to/4vSkv4L https://amzn.to/4mOx6C9 #Bosch #BoschProfessional #GBH18V22 #RotaryHammer #PowerTools ...,Universe3d,2026-04-26T03:45:41Z,2940,,,,,0.0
SZLak7vFkxg,https://www.youtube.com/watch?v=SZLak7vFkxg,UCcyMuaNn9iQNYTZG54TwbGg,rotary hammer drill uses,Insane Wall Demolition Speed! Powerful Rotary Hammer Breaks Brick in Minutes,Title: Insane Wall Demolition Speed! Powerful Rotary Hammer Breaks Brick in Minutes Tool Name: Rotary Hammer Demolition ...,PUZZLES WORKERS,2026-05-11T12:59:01Z,16200,,,,,0.0
fpPZgq5EIhI,https://www.youtube.com/watch?v=fpPZgq5EIhI,UCcZnDP3HjMdoDurPhGOYLwA,rotary hammer drill uses,Milwaukee M18 FUEL SDS: Is any OTHER brand reaching this power?,"Red, Yellow, or Teal? Watch this M18 FUEL 1-1/8” Rotary Hammer effortlessly drop a structural anchor into solid concrete.",BuiltRightco,2026-05-21T03:32:57Z,14000,,,,,0.0
oeIXCHLmRWw,https://www.youtube.com/watch?v=oeIXCHLmRWw,UCeRF0mChKYoGI2wPjppr_LA,rotary hammer drill uses,TOP 5 BEST Hammer Drill 2026,"TOP 5 BEST Hammer Drill 2026 Aliexpress: Buy Now Aliexpress: 1. 20V Cordless Electric Impact Drill, Multi-functional Electric ...",Gadgets Informer,2026-03-09T11:53:43Z,1080,,,,,0.0
R8e9QKL3Lk8,https://www.youtube.com/watch?v=R8e9QKL3Lk8,UCsFMis6UKD3jzuDSRmtf58Q,rotary hammer drill uses,Controlled Demolition Method of Construction Worker Removing Wall Plaster with Rotary Hammer,Controlled Demolition Method of Construction Worker Removing Wall Plaster with Rotary Hammer A construction worker uses a ...,Workman Vision,2026-03-02T12:00:44Z,113000,,,,,0.0
d15WWaGDx6Y,https://www.youtube.com/watch?v=d15WWaGDx6Y,UCcyMuaNn9iQNYTZG54TwbGg,rotary hammer drill uses,"Wow, Satisfying Wall Tile Removal with Powerful Rotary Hammer","Title: Wow, Satisfying Wall Tile Removal with Powerful Rotary Hammer Tool Name: Rotary Hammer Drill (with Chisel Bit) ...",PUZZLES WORKERS,2026-04-03T11:56:31Z,16200,,,,,0.0
3_ZKHOcR1K4,https://www.youtube.com/watch?v=3_ZKHOcR1K4,UCcyMuaNn9iQNYTZG54TwbGg,rotary hammer drill uses,Wall Demolition Like a Pro! Super Fast &amp; Powerful,Title: Wall Demolition Like a Pro! Super Fast & Powerful Tool Name: Rotary Hammer Drill (Demolition Hammer) Description: ...,PUZZLES WORKERS,2026-05-05T12:59:01Z,16200,,,,,0.0
oM0gqcjQXJQ,https://www.youtube.com/watch?v=oM0gqcjQXJQ,UCcyMuaNn9iQNYTZG54TwbGg,rotary hammer drill uses,Insane Concrete Breaking Hack with Rotary Hammer 👷 Satisfying Demolition!,Title: Insane Concrete Breaking Hack with Rotary Hammer Satisfying Demolition! Tool Name: Rotary Hammer Drill (Demolition ...,PUZZLES WORKERS,2026-04-17T12:59:01Z,16200,,,,,0.0
p_BVxmI3sIk,https://www.youtube.com/watch?v=p_BVxmI3sIk,UC2XSArgFjckqWoPCPD9Z86g,rotary hammer drill uses,Man Uses Drill Machine to Shower Money and Surprises Everyone Below 😱,"At first, it looks like a huge mistake… A man pulls out a bundle of ₹5 notes and even brings out a drill machine. Everyone around ...",LahaVerse,2026-04-13T04:30:26Z,214000,,,,,0.0
aIOEyZ0MC3E,https://www.youtube.com/watch?v=aIOEyZ0MC3E,UCawPwx5Wmw-lRuu9YRI1FWg,rotary hammer drill uses,Power Drill Through Wood Like Butter 🔥 Fast Clean Holes Every Time #DIY #tools #construction,TITLE + 3 HASHTAGS (99 characters total) Power Drill Through Wood Like Butter Fast Clean Holes Every Time #DIY #tools ...,TRADISIONAL CARPENTRY,2026-05-06T14:00:03Z,20600,,,,,0.0
HrFrB7PH_BY,https://www.youtube.com/watch?v=HrFrB7PH_BY,UCc0cznwTHke9u2MdNGLoA7w,DIY power tools trends,Building a Powerful 12V 100Ah LiFePO4 Battery Pack – Step by Step!,Building a Powerful 12V 100Ah LiFePO4 Battery Pack – Step by Step! Get Daly BMS from here Shopify Store： ...,DIY Electrix,2026-05-30T06:14:12Z,66600,,,,,0.0
HkebzUmYFOI,https://www.youtube.com/watch?v=HkebzUmYFOI,UC16KBvv38IJHSRGT3ur6hGw,DIY power tools trends,Replicate Any Design With Ease,"Oliver shows how easy it is to replicate almost any design using a OneFinity CNC from Trend. Offer tailored, bespoke joinery for ...",Trend Tool Technology,2026-05-28T12:35:39Z,39500,,,,,0.0
ZnutiJIv0Fw,https://www.youtube.com/watch?v=ZnutiJIv0Fw,UCMwxcKBkxVUu4IRMvcHli8Q,DIY power tools trends,20 Genius New Tools Every Pro &amp; DIYer Needs in 2026,"Upgrade your workshop in 2026! 🛠️ Discover 20 genius new tools that every pro DIYer, tradesperson, and garage tinkerer ...",Top Tech Tools,2026-04-17T16:15:00Z,302000,,,,,0.0
uTWx6Y17Z8w,https://www.youtube.com/watch?v=uTWx6Y17Z8w,UCMwxcKBkxVUu4IRMvcHli8Q,DIY power tools trends,20 Genius New Tools Every Pro &amp; DIYer Needs in 2026,"Upgrade your workshop in 2026! Today on Top Tech Tools, we are testing 20 of the most genius new woodworking innovations ...",Top Tech Tools,2026-03-05T15:30:48Z,302000,,,,,0.0
Ggb8OwHujbY,https://www.youtube.com/watch?v=Ggb8OwHujbY,UCMwxcKBkxVUu4IRMvcHli8Q,DIY power tools trends,20 Genius New Tools Every Pro &amp; DIYer Needs in 2026,"Discover the most innovative tools of 2026! From robotic construction assistants to genius woodworking gadgets, this list covers ...",Top Tech Tools,2026-03-19T18:26:12Z,302000,,,,,0.0
H8pYMj0G58E,https://www.youtube.com/watch?v=H8pYMj0G58E,UCJv2GljZa2pqOzKsFTupHHg,DIY power tools trends,15 Woodworking Tools That Make Precision Cuts Effortless!,"Woodworking is all about precision, creativity, and using the right tools to bring your ideas to life. In this video, we showcase 15 ...",DGearX,2026-05-18T14:15:01Z,3520,,,,,0.0
Km4jXPuY6Xw,https://www.youtube.com/watch?v=Km4jXPuY6Xw,UCwTxz18ns5ppjusCTBXxuUQ,DIY power tools trends,20 Genius Power Tools On the Market for Every DIYer In 2026!,"20 Genius Power Tools On the Market for Every DIYer In 2026! Stop wasting time with outdated tools! Today, we're counting down ...",DIY TOOLS & EQUIPMENT,2026-04-12T13:00:26Z,76300,,,,,0.0
wveewIkPo10,https://www.youtube.com/watch?v=wveewIkPo10,UCaVkvmu4466LUsoS7VdMVWw,DIY power tools trends,The Genius Woodworking Tools of 2026 Are Insane,20 New Amazon Woodworking Tools Worth your money Find the product links below! Timestamps and tools link 00:00 - intro ...,Top Gear Tools,2026-05-04T17:30:25Z,68,,,,,0.0
otnDQTpYTY8,https://www.youtube.com/watch?v=otnDQTpYTY8,UCR0xCC-aPlm0l6zO7f9jkrQ,DIY power tools trends,DIY Concrete Sink Hack Will Blow Your Mind!,DIY Concrete Sink Hack Will Blow Your Mind! Watch how a simple exercise ball and wooden mold are turned into a modern ...,MASTER OF KARPENTRY,2026-05-29T13:00:37Z,58000,,,,,0.0
E3RyRpWKX4A,https://www.youtube.com/watch?v=E3RyRpWKX4A,UCsRwzXhu2jqvP1Wy8bApIEw,DIY power tools trends,Millions Don’t Know! This LED lighting idea deserves a Nobel Prize!,Hello everyone! You are watching the video: Millions Don't Know! This LED lighting idea deserves a Nobel Prize!,Creator Tips,2026-05-27T13:51:25Z,496000,,,,,0.0
ndXcDmq6Htw,https://www.youtube.com/watch?v=ndXcDmq6Htw,UC95hHLC1hZCeFCjQHQzmRdQ,DIY power tools trends,4 Must Have Garden Power Tools for Spring,"If you're going to be cleaning, grass trimming or pruning then these power tools for the garden will save you time and effort.",Proper DIY - Tools & Effect,2026-03-15T08:00:48Z,167000,,,,,0.0
g56qL_6jA_Q,https://www.youtube.com/watch?v=g56qL_6jA_Q,UC16KBvv38IJHSRGT3ur6hGw,DIY power tools trends,Trend SmartBench is Back.,Learn More or Book a Demonstration: https://www.trend-uk.com/smartbench Trend Website - https://www.trend-uk.com Find your ...,Trend Tool Technology,2026-05-27T18:32:52Z,39500,,,,,0.0
tk5xQ49QzXg,https://www.youtube.com/watch?v=tk5xQ49QzXg,UCftgtvJuqbj5ZK-MuuxKhMw,DIY power tools trends,20 Mind-Blowing Amazon Tools You NEED to See (2026) 🤯,These Amazon Tools Are Breaking the Internet in 2026! You won't believe how powerful (and oddly satisfying) these tools are…,Chop Busters,2026-04-22T23:15:03Z,1490000,,,,,0.0
S-uDC1jHL2s,https://www.youtube.com/watch?v=S-uDC1jHL2s,UCQicyI5b1cL2TxxP6PCX4TA,DIY power tools trends,This Makes ANY Door Hinge Easy to Fit,Available at ITS: https://its.co.uk/pd/trend-h-jig-d6-anydoor-hinge-jig-kit-_trehjigd6.htm Take the hassle out of fitting door hinges ...,ITS,2026-03-21T12:00:51Z,24100,,,,,0.0
ebvc2t4v7_o,https://www.youtube.com/watch?v=ebvc2t4v7_o,UCaVkvmu4466LUsoS7VdMVWw,DIY power tools trends,Top 10 Flex Power Tools Every DIY Enthusiast Needs,Top 10 Flex Power Tools Every DIY Enthusiast Needs Shop The Featured Products Global Hammer Drill ...,Top Gear Tools,2026-03-16T16:18:11Z,68,,,,,0.0
tXCA4iggBuA,https://www.youtube.com/watch?v=tXCA4iggBuA,UCSLClJLzdUMRMe0E4SPfc-w,DIY power tools trends,NEVER Use a Router Like This (Most Beginners Do),The router is the most intimidating tool in the shop for most beginners — and the most misused. In this video I break down the five ...,731 Woodworks,2026-03-21T11:01:24Z,909000,,,,,0.0
1bJiUolJY64,https://www.youtube.com/watch?v=1bJiUolJY64,UCwTxz18ns5ppjusCTBXxuUQ,DIY power tools trends,20 Genius Tools Every DIYer Should Have In 2026,20 Genius Tools Every DIYer Should Have In 2026 If you're looking for the best new woodworking tools and cool gadgets to add ...,DIY TOOLS & EQUIPMENT,2026-04-23T13:00:04Z,76300,,,,,0.0
mkNrlYCRk4U,https://www.youtube.com/watch?v=mkNrlYCRk4U,UC-WUOPVpbLIpAMPRI6HsLaA,DIY power tools trends,50 New Woodworking Tools You Must See on Amazon in 2026,50 Amazon Latest Woodworking Tools That Make Projects Easy Discover 50 new woodworking tools on Amazon that will ...,Tool Centric,2026-03-20T13:01:37Z,5020,,,,,0.0
ig_z9-z-5AY,https://www.youtube.com/watch?v=ig_z9-z-5AY,UCnb3F2CHSkpnb1RVC_m4xtg,DIY power tools trends,20 Incredible DeWalt Tools That Will Blow Your Mind!,"Some DeWalt tools stand out not just because of branding — but because of how they combine performance, design, and ...",Business Strategy Stories,2026-04-05T18:29:32Z,21100,,,,,0.0
w4PTth2ZC7k,https://www.youtube.com/watch?v=w4PTth2ZC7k,UCB1JSLYazguKY8U_aOqviVg,DIY power tools trends,20 New Released Tools On Amazon You Must Have,AmazonFinds #NewTools #MustHaveTools #ViralTools #ToolReview #DIYTools #PowerTools #WorkshopTools ...,ToolNest,2026-04-13T12:15:13Z,1560,,,,,0.0
ysOflUKlrP0,https://www.youtube.com/watch?v=ysOflUKlrP0,UCPop6qtIJiQApbd7RwRDg3A,DIY power tools trends,This Electrical Trend is becoming a problem #shorts #fyp #diy,,Tools And Tactics,2026-05-24T00:02:11Z,61500,,,,,0.0
1eDv8yYBtsc,https://www.youtube.com/watch?v=1eDv8yYBtsc,UCnb3F2CHSkpnb1RVC_m4xtg,DIY power tools trends,15 DEWALT Tools Under $25 Dads Are Buying at Lowe’s Right Now!,Affordable DEWALT tools are drawing major attention at Lowe's right now — especially as more shoppers look for practical tools ...,Business Strategy Stories,2026-05-28T16:00:26Z,21100,,,,,0.0
45tfzUJy4rw,https://www.youtube.com/watch?v=45tfzUJy4rw,UCATIwL7iMB8wdOzJ8FAGSNg,DIY power tools trends,Woodworking Hack Breaks Internet #woodworking #satisfying #shorts,"IG source: @woodworking_world Hand Timber Adze Chisel Estimated price: $45 - $120 USD Order here: Amazon, eBay, Alibaba, ...",Dylan FixIt,2026-05-29T12:00:03Z,473,,,,,0.0
PDsblVOU46U,https://www.youtube.com/watch?v=PDsblVOU46U,UCGVBwnzyt0LRjwQxZPFUg8g,DIY power tools trends,Drill powered paint brush hack 🎨⚡#shorts #painting,"Unlock your creative genius with MetDaan's ultimate life hacks, jaw-dropping DIYs, mouth-watering cake recipes, and the hottest ...",MetDaan,2026-05-25T11:00:02Z,2740000,,,,,0.0
yLnPcJOZu-s,https://www.youtube.com/watch?v=yLnPcJOZu-s,UCfLe_A4mMCbOHoZxn6D_WYw,woodworking power tools projects,This Woodworking Tool Cuts Like a Beast! 🔥🪵 #tools #woodworking,"Watch this powerful woodworking tool make a smooth and precise cut through solid lumber! ⚡ Whether you're a DIY enthusiast, ...",Tools Log,2026-05-30T11:02:51Z,39200,,,,,0.0
lVQhbdctrdM,https://www.youtube.com/watch?v=lVQhbdctrdM,UC68DctHZgXeKhu52X5YHIqA,woodworking power tools projects,Genius DIY Deck Post Cutting Jig: Perfect Curves Every Time!,"Check out this brilliant woodworking hack! In this video, a builder demonstrates an innovative way to cut a clean, precise curved ...",king-krafto,2026-05-29T02:00:03Z,11700,,,,,0.0
t2z5ESPEuYg,https://www.youtube.com/watch?v=t2z5ESPEuYg,UCawPwx5Wmw-lRuu9YRI1FWg,woodworking power tools projects,Fastest Wood Slot Cutting Tool Ever! 🇺🇸🔥 #woodworking #tools #DIY,TITLE: Fastest Wood Slot Cutting Tool Ever! #woodworking #tools #DIY 3 HASHTAGS: #woodworking #tools #DIY ...,TRADISIONAL CARPENTRY,2026-05-29T14:00:19Z,20600,,,,,0.0
zELnY8oY33k,https://www.youtube.com/watch?v=zELnY8oY33k,UC3KQkki9G4jU3wg_74ZBieA,woodworking power tools projects,Satisfying Texture Wood Carving | Power Tool Texturing Technique #WoodCarving #Woodworking,Watch this incredibly satisfying process of creating uniform textures on a wood surface using a specialized rotary power carving ...,Build & Hack Pro,2026-05-29T13:00:16Z,15000,,,,,0.0
uOE4Zyz3QmY,https://www.youtube.com/watch?v=uOE4Zyz3QmY,UCqTK7LnErj5GurbKU22pQUQ,woodworking power tools projects,Woodworking: Dovetail Joint Or Comb Joint #shorts #woodworking #woodjoint,Woodworking: Dovetail Joint Or Comb Joint #shorts #woodworking #woodjoint #diy #woodscraft #woodworkingprojects.,Woodworking Projects 0.2,2026-05-30T00:30:23Z,7800,,,,,0.0
UGp03zCDjRA,https://www.youtube.com/watch?v=UGp03zCDjRA,UCtPViWFfDGkr7PHg_en-HtQ,woodworking power tools projects,Kreg’s Genius Woodworking Tool You NEED to See! 🔥 #tools #woodworking,Watch this amazing woodworking hack with the legendary Kreg tool! 🛠️ This clever Kreg edge trimming and shaping tool makes ...,ToolScope Pro,2026-05-23T14:30:03Z,1870,,,,,0.0
Z127sOKdOKc,https://www.youtube.com/watch?v=Z127sOKdOKc,UCP93XSbEvfIyNcq6L3Z1QPQ,woodworking power tools projects,Awesome WOODWORKING Projects You Need to See Now #tooltips #woodworking,Dear All Fan Welcome to Woodworking Tools TV! Discover the most impressive and creative woodworking projects that will ...,Woodworking Tools TV,2026-05-29T13:10:23Z,1020000,,,,,0.0
Yl9RgFR_LZA,https://www.youtube.com/watch?v=Yl9RgFR_LZA,UCENzErnhubwrFNwXbN2J88A,woodworking power tools projects,This Machine Just Took Our Wood Shop to the NEXT LEVEL! (Woodmaster Tools),Thanks to Lectric eBikes for sponsoring this video! Ready to join over 500000 happy riders? Head to ...,Wallace Farm and Sawmill,2026-05-25T22:16:08Z,83600,,,,,0.0
2ctKgErjhjg,https://www.youtube.com/watch?v=2ctKgErjhjg,UCJc8ztNoh1xnzqMK5yXXhLQ,woodworking power tools projects,Slide Door Auto Lock - Premium Build #shorts #woodworking #diy,Title Slide Door Auto Lock - Premium Build #shorts #woodworking #diy Description Watch as we transform a simple block into a ...,Creator Anubhav Sharma,2026-05-30T13:25:55Z,54700,,,,,0.0
UTyehjzxl-0,https://www.youtube.com/watch?v=UTyehjzxl-0,UCAKRwgy0KyZwoIQ-8TvTJKg,woodworking power tools projects,Useful Woodworking Tricks &amp; Joint Methods #diy #woodworking #tricks,"Smart woodworking tips and strong joint techniques that help create cleaner cuts, tighter fits, and more durable wooden projects.",Beamish,2026-05-29T18:00:26Z,2280000,,,,,0.0
spSPfFxJCis,https://www.youtube.com/watch?v=spSPfFxJCis,UCNo7yfVy58QJ_huJRuGQgaA,woodworking power tools projects,DIY Live Edge Wood Sink Transformation,"Transforming a raw, live-edge slab of wood into a stunning, functional luxury piece. Watch the step-by-step process of carving, ...",MyCr3ation,2026-05-25T11:12:23Z,235,,,,,0.0
Xvck436e5Bk,https://www.youtube.com/watch?v=Xvck436e5Bk,UCgGLY5En81kMpdTADC55DeQ,woodworking power tools projects,I Built a SCROLL SAW From a Washing Machine Motor – DOES IT ACTUALLY WORK?!,"I built a DIY scroll saw using an old washing machine motor — but does it actually work? In this video, I take you through the full ...",NVD - DIY Tools,2026-05-01T11:58:16Z,17600,,,,,0.0
blHq1ibPRfc,https://www.youtube.com/watch?v=blHq1ibPRfc,UCfLe_A4mMCbOHoZxn6D_WYw,woodworking power tools projects,Kreg Edge Trimming Tool Review 🔥 Perfect Wood Edges in Seconds! #woodworking #tools,Watch this compact Kreg edge trimming tool create perfectly smooth wood edges in seconds! This woodworking tool is ideal for ...,Tools Log,2026-05-21T12:00:50Z,39200,,,,,0.0
CxH8nAg43fw,https://www.youtube.com/watch?v=CxH8nAg43fw,UCawPwx5Wmw-lRuu9YRI1FWg,woodworking power tools projects,Perfect Hidden Screws Every Time! #woodworking #tools #shorts,TITLE + HASHTAGS (99 CHARACTERS TOTAL) Perfect Hidden Screws Every Time! #woodworking #tools #shorts ...,TRADISIONAL CARPENTRY,2026-05-28T15:00:38Z,20600,,,,,0.0
bgb27X9pVn0,https://www.youtube.com/watch?v=bgb27X9pVn0,UCTUPknr9hGUoSm2FKX7056A,woodworking power tools projects,Genius Woodworking Trick For Carving Patterns With A Drill,"Transform your woodworking projects with this easy hack. By clamping a template to the drill bit, you can create beautiful ...",Creative Collections  ,2026-03-28T13:01:35Z,51500,,,,,0.0
zpTeYyOcDUo,https://www.youtube.com/watch?v=zpTeYyOcDUo,UCt0rmobJfqir7XFb-FHAT2w,woodworking power tools projects,The Invisible Wood Knot Repair 👌 #diy #woodworking #shorts,"Tried repairing a knot using a square wood inlay on this woodworking project. The inlay is cut with a slight taper, so when it's ...",DIY European GUY,2026-05-30T06:21:05Z,6730,,,,,0.0
d03hx6MYeVg,https://www.youtube.com/watch?v=d03hx6MYeVg,UCerCtiIWgS6APt7PRmoxiMg,woodworking power tools projects,Hidden Screw Technique for Woodworking #Woodworking #DIY #Carpenter #Workshop 🪵🔧✨,,Tricks & Hacks,2026-05-28T22:00:22Z,21900,,,,,0.0
eXZ2f__TmvM,https://www.youtube.com/watch?v=eXZ2f__TmvM,UCawPwx5Wmw-lRuu9YRI1FWg,woodworking power tools projects,Perfect Roof Beam Cut Every Time! Smart Carpenter Tool 🇺🇸 #woodworking #tools #DIY,TITLE: Perfect Roof Beam Cut Every Time! Smart Carpenter Tool #woodworking #tools #DIY 3 HASHTAGS: #woodworking ...,TRADISIONAL CARPENTRY,2026-05-29T15:00:32Z,20600,,,,,0.0
plFJyKFB3ww,https://www.youtube.com/watch?v=plFJyKFB3ww,UCawPwx5Wmw-lRuu9YRI1FWg,woodworking power tools projects,Fastest Roof Frame Connector Tool! 🇺🇸 #construction #tools #woodworking,TITLE: Fastest Roof Frame Connector Tool! #construction #tools #woodworking 3 HASHTAGS: #construction #tools ...,TRADISIONAL CARPENTRY,2026-05-29T13:00:29Z,20600,,,,,0.0
9VhfcAqbFA4,https://www.youtube.com/watch?v=9VhfcAqbFA4,UC56Je3jHgTXnmiSLVjs1tBA,woodworking power tools projects,$9000 Huge Oak Table Made With Craftsmanship😱,"Welcome to the channel! If you love DIY builds, workshop projects, tools, creative problem-solving, and building things from ...",Built Now,2026-05-26T00:00:06Z,2200,,,,,0.0
4pUHWjYLUus,https://www.youtube.com/watch?v=4pUHWjYLUus,UCHdpvbfjQ5lRoiOw60KSwAw,woodworking power tools projects,The Ultimate Solution for Your Wood Projects #DurableWood #SmartCarpentry #PracticalTips #Rivets,,MacGyver Couple,2026-05-28T15:00:03Z,75200,,,,,0.0
KpL4NooQ9Ik,https://www.youtube.com/watch?v=KpL4NooQ9Ik,UCCIzI0sbDDoCD5-nZL3G8MA,woodworking power tools projects,&quot;Simple&quot; Woodworking Projects Set Unrealistic Expectations,"Woodworking social media usually skips this part. It starts with the confidence of a ""simple"" build...but then nails blow out the ...",Hardwood Elevated,2026-05-15T20:00:14Z,441,,,,,0.0
NvqnckazmLk,https://www.youtube.com/watch?v=NvqnckazmLk,UCAKRwgy0KyZwoIQ-8TvTJKg,woodworking power tools projects,Functional Woodworking Ideas &amp; Improvements 🛠️ #diy #woodworking #tips,"Practical woodworking ideas and improvements using smart techniques to build stronger, more functional, and more efficient ...",Beamish,2026-05-20T14:00:24Z,2280000,,,,,0.0
hSlLIx4M5gA,https://www.youtube.com/watch?v=hSlLIx4M5gA,UCa68zpY9C3IbERhv3Pbjg9g,furniture flip,$20 Furniture Flip Anyone Can Do!,In this video I show you a quick flip that can earn fast cash in just 1 weekend! Want to learn how to flip furniture for profit?,Furniture Flipping Teacher,2026-03-13T00:01:01Z,351000,,,,,0.0
wiKzb2VA7JI,https://www.youtube.com/watch?v=wiKzb2VA7JI,UCDYVOOwwBSMDCKvcfbZBGDg,furniture flip,Dresser Makeover 🪄 #kachafurniture #kachafurniturepaint #furnitureflip,,Kacha,2026-05-24T15:18:57Z,686000,,,,,0.0
3kkGqtJgsdA,https://www.youtube.com/watch?v=3kkGqtJgsdA,UCa68zpY9C3IbERhv3Pbjg9g,furniture flip,Turning This Room Into My Dream Office,Thanks to Rockler for sponsoring this video! Want to learn how to flip furniture for profit? Click here for more info on getting started!,Furniture Flipping Teacher,2026-05-29T00:00:04Z,351000,,,,,0.0
cqctmp8p6r0,https://www.youtube.com/watch?v=cqctmp8p6r0,UC5u803Jv60OMquJMtwUyoGg,furniture flip,I Started Flipping Furniture to Pay Off Debt — I Never Expected THIS to Happen to My Mental Health,I picked up furniture flipping as a side hustle to pay off debt fast… but what happened to my mental health along the way? Thanks ...,Lemons To Lemonade Home,2026-05-23T14:30:06Z,152000,,,,,0.0
fsfY4JYZCH8,https://www.youtube.com/watch?v=fsfY4JYZCH8,UCVYerC2zvuCb6rkOgYOEZPQ,furniture flip,Everyone Skips This Thrift Store Furniture...(Easy Gel Stain High-End Flip),"If you've ever walked past orange wood furniture at the thrift store… you might be skipping the BEST pieces. In today's video, I'm ...",The Flipper’s Guide,2026-04-28T17:15:00Z,11600,,,,,0.0
y3KmY2JBJPc,https://www.youtube.com/watch?v=y3KmY2JBJPc,UC4EHxxl1Id1A7Wd7BKqgihA,furniture flip,Goodwill Bins haul &amp; a Furniture Flip project | my thoughts on “enjoy every minute”,Continuing on from last week's little projects we are doing another little project- this time a piece of furniture I pulled out of the trash ...,Emily Garbe,2026-03-01T16:01:13Z,23800,,,,,0.0
TJfWNevEe1U,https://www.youtube.com/watch?v=TJfWNevEe1U,UCHVDJ3yUaFuEunlHDjj0HsQ,furniture flip,Before You Paint Furniture… Watch This 👀 | Desk Makeover #furnitureflip,This is the piece that made me stop painting everything. Under layers of old paint (yes… even lead paint) was beautiful wood just ...,Grace Holbrook | DIY + FLIPS,2026-03-02T20:51:18Z,199000,,,,,0.0
UGEakcm2oPU,https://www.youtube.com/watch?v=UGEakcm2oPU,UCV5b4lRfQrY3yTN1unbo8ww,furniture flip,Another piece saved from the landfill! #flipping #furnitureflip #shorts #trash #transformation,,Logan,2026-04-02T00:15:16Z,559000,,,,,0.0
JvNYGhaHHw4,https://www.youtube.com/watch?v=JvNYGhaHHw4,UC_x7l0a-7MGj3Wkk2weOhwQ,furniture flip,$80 Thrift Store Flip Challenge #thrifting #furnitureflip,"Thrift Store Flip Challenge. If you're looking to get into furniture flipping and want a head start, I put together a guide (linked in my ...",New Life by Noah,2026-05-29T20:41:54Z,163000,,,,,0.0
npoO0JmIQIs,https://www.youtube.com/watch?v=npoO0JmIQIs,UC_9Q-hnGdPQ7JbgvpqGtyTA,furniture flip,Repainting My Very First Furniture Flip | Vintage Buffet Makeover,"This is the piece that started my furniture flipping business… and I've already painted it twice. This week, I'm giving my very first ...",Katie Scott SALVAGED by k. scott,2026-03-07T16:01:08Z,441000,,,,,0.0
9ef3teK91Qc,https://www.youtube.com/watch?v=9ef3teK91Qc,UC_x7l0a-7MGj3Wkk2weOhwQ,furniture flip,$50 Thrift Furniture Flip Challenge #thrifting #furnitureflipping,,New Life by Noah,2026-04-26T20:13:14Z,163000,,,,,0.0
u-UbMqYmcbs,https://www.youtube.com/watch?v=u-UbMqYmcbs,UCa68zpY9C3IbERhv3Pbjg9g,furniture flip,The Garage Transformation Is Finally DONE,In this video Want to learn how to flip furniture for profit? Click here for more info on getting started!,Furniture Flipping Teacher,2026-05-22T00:00:31Z,351000,,,,,0.0
9QlEp7Qdocs,https://www.youtube.com/watch?v=9QlEp7Qdocs,UCHVDJ3yUaFuEunlHDjj0HsQ,furniture flip,I Flipped 3 Antique Rockers… Which One Would YOU Keep? 👀🔥 | Furniture Makeover Before &amp; After,I took on THREE antique rocking chairs… and each one had a completely different story (and outcome). In this video:Rocker 1 ...,Grace Holbrook | DIY + FLIPS,2026-03-23T19:05:59Z,199000,,,,,0.0
G4mBoxqH9eQ,https://www.youtube.com/watch?v=G4mBoxqH9eQ,UCDYVOOwwBSMDCKvcfbZBGDg,furniture flip,🤩🤩🤩 #kachafurniture #furnitureflip #kachafurniturepaint,,Kacha,2026-03-16T16:43:43Z,686000,,,,,0.0
2MYTQcJP1CQ,https://www.youtube.com/watch?v=2MYTQcJP1CQ,UCzWZI5DzEDcXryVkMTRSTLA,furniture flip,LARGE PROFIT FOR THIS DRESSER SET?🤔 MAJOR FURNITURE FLIP!,"In today's video, I'll be showing you how I restored this French Provincial Dresser Set! If you love furniture transformations make ...",The Tay’s Way,2026-05-09T01:07:49Z,301,,,,,0.0
waNPTUoc61M,https://www.youtube.com/watch?v=waNPTUoc61M,UCHVDJ3yUaFuEunlHDjj0HsQ,furniture flip,Learning to Veneer: Was It Worth It? You Tell Me! 👀 | Vintage Cabinet Makeover #furnitureflip,"I love snagging free finds during purge season! I'm usually the one ripping veneer off, not laying down new sheets, but watch as I ...",Grace Holbrook | DIY + FLIPS,2026-03-09T20:55:39Z,199000,,,,,0.0
mjp0G6806-c,https://www.youtube.com/watch?v=mjp0G6806-c,UCDYVOOwwBSMDCKvcfbZBGDg,furniture flip,Colorado Sky &amp; Siva Grey ✨ #kachafurniture #kachafurniturepaint #furnitureflip,,Kacha,2026-04-19T14:46:45Z,686000,,,,,0.0
oYoKjUdsCHE,https://www.youtube.com/watch?v=oYoKjUdsCHE,UC0qOXEOksTTzCnNJfETmzFA,furniture flip,10 Minute Tutorial Furniture Flip With Paint &amp; Stain!,"Transform drab, boring furniture into stunning masterpieces with chalk mineral paint! In each simple to follow video I will teach you ...",The Top Drawer RVA,2026-05-06T14:21:51Z,45600,,,,,0.0
wuv9WGq1Xso,https://www.youtube.com/watch?v=wuv9WGq1Xso,UCwnYy7pWMVWoZoT4LiZfDpA,furniture flip,The TWO hour Furniture Flip Formula | Flip Furniture The Easy Way,"In this video, I take a tired pair of MCM nightstands and turn them into cash in under TWO hours. ✨ Products Used ...",Golden Ash Furniture Restoration,2026-04-26T13:01:36Z,490,,,,,0.0
CPMdrFKB3t0,https://www.youtube.com/watch?v=CPMdrFKB3t0,UCzWZI5DzEDcXryVkMTRSTLA,furniture flip,HOW CAN I RESTORE THIS?🫢 ULTIMATE FURNITURE FLIP!!!,"In today's video, I'll be showing you how I restored this gorgeous credenza from start to finish! If you love furniture transformations ...",The Tay’s Way,2026-03-03T21:42:02Z,301,,,,,0.0
yPxWDMXNBow,https://www.youtube.com/watch?v=yPxWDMXNBow,UCfmW52eBg7U7VYZ_3rnmc6Q,furniture flip,Furniture Flip Progress: Gel Stain Refresh + Building a Dresser Base | Open Workshop,"In today's Open Workshop, I am sharing updates on my current projects, walking you through some of the steps of a gentle ...",Ivy Lane Home - Furniture | DIY ,2026-03-14T15:56:32Z,41800,,,,,0.0
8xAJ0AlAZEw,https://www.youtube.com/watch?v=8xAJ0AlAZEw,UC_9Q-hnGdPQ7JbgvpqGtyTA,furniture flip,I Combined TWO Trashed Tables Into One NEW Coffee Table,"I found this table sitting in someone's trash and as soon as I saw the carved flowers on the top, I knew I had to save it. Then I got it ...",Katie Scott SALVAGED by k. scott,2026-05-23T15:00:36Z,441000,,,,,0.0
8dHPIeMNRK0,https://www.youtube.com/watch?v=8dHPIeMNRK0,UCV5b4lRfQrY3yTN1unbo8ww,furniture flip,We turned free furniture into $500+ #flipping #furnitureflip #diy #shorts #satisfying,,Logan,2026-03-13T00:12:57Z,559000,,,,,0.0
MVZVLGiRTe0,https://www.youtube.com/watch?v=MVZVLGiRTe0,UCDYVOOwwBSMDCKvcfbZBGDg,furniture flip,Using South Beach Color! 🤩 #kachafurniture #kachafurniturepaint #furnitureflip,,Kacha,2026-05-15T17:32:42Z,686000,,,,,0.0
DR_1tBSaMf4,https://www.youtube.com/watch?v=DR_1tBSaMf4,UC5u803Jv60OMquJMtwUyoGg,furniture flip,Restored This Vintage Dresser | Furniture Flipping | Refinishing Furniture | Lemons To Lemonade Home,Restored This Vintage Dresser | Refinishing Furniture | Lemons To Lemonade Home === Powered anywhere with BLUETTI ...,Lemons To Lemonade Home,2026-04-14T16:30:06Z,152000,,,,,0.0
